algorithm,constructionTime,executionTime,weightMST
Prim Nomal,0.095000,0.013500,13361
Kruskal Normal,0.118600,0.005400,13361
Prim Geometric,0.074100,0.013200,9362
Kruskal Geometric,0.081500,0.005600,9362
Prim Nomal,0.090800,0.013100,14028
Kruskal Normal,0.098100,0.005300,14028
Prim Geometric,0.079600,0.013400,9393
Kruskal Geometric,0.087300,0.005100,9393
Prim Nomal,0.067700,0.013100,12675
Kruskal Normal,0.075500,0.005200,12675
Prim Geometric,0.067900,0.013100,8451
Kruskal Geometric,0.075400,0.005400,8451
Prim Nomal,0.066300,0.012900,12546
Kruskal Normal,0.073600,0.005400,12546
Prim Geometric,0.067300,0.012500,9607
Kruskal Geometric,0.074500,0.005500,9607
Prim Nomal,0.066000,0.012500,13817
Kruskal Normal,0.073400,0.005400,13817
Prim Geometric,0.067900,0.012800,9137
Kruskal Geometric,0.074600,0.005400,9137
Prim Nomal,0.080700,0.013600,11771
Kruskal Normal,0.090100,0.005600,11771
Prim Geometric,0.074200,0.012900,9180
Kruskal Geometric,0.081200,0.005500,9180
Prim Nomal,0.066600,0.013200,12402
Kruskal Normal,0.074000,0.005600,12402
Prim Geometric,0.072000,0.014300,9594
Kruskal Geometric,0.079600,0.005500,9594
Prim Nomal,0.089200,0.013100,12123
Kruskal Normal,0.098800,0.005200,12123
Prim Geometric,0.079700,0.013000,9035
Kruskal Geometric,0.087700,0.005300,9035
Prim Nomal,0.079700,0.013400,13041
Kruskal Normal,0.089600,0.005600,13041
Prim Geometric,0.067100,0.012500,9081
Kruskal Geometric,0.073800,0.005300,9081
Prim Nomal,0.067500,0.013000,13172
Kruskal Normal,0.075000,0.019200,13172
Prim Geometric,0.085400,0.014100,9315
Kruskal Geometric,0.093700,0.005700,9315
Prim Nomal,0.096300,0.068000,1598
Kruskal Normal,0.158000,0.048900,1598
Prim Geometric,0.094200,0.087300,2398
Kruskal Geometric,0.123500,0.050100,2398
Prim Nomal,0.107700,0.070300,1501
Kruskal Normal,0.133300,0.050900,1501
Prim Geometric,0.094000,0.074200,2617
Kruskal Geometric,0.117400,0.049400,2617
Prim Nomal,0.102200,0.068700,1353
Kruskal Normal,0.128500,0.052100,1353
Prim Geometric,0.097700,0.073800,2463
Kruskal Geometric,0.122000,0.053200,2463
Prim Nomal,0.099300,0.066000,1392
Kruskal Normal,0.125300,0.052000,1392
Prim Geometric,0.096700,0.073000,2408
Kruskal Geometric,0.120300,0.063300,2408
Prim Nomal,0.098900,0.067300,1142
Kruskal Normal,0.123700,0.051500,1142
Prim Geometric,0.093300,0.067300,2540
Kruskal Geometric,0.116300,0.048700,2540
Prim Nomal,0.097100,0.066500,1509
Kruskal Normal,0.121800,0.051700,1509
Prim Geometric,0.093200,0.074600,2398
Kruskal Geometric,0.116200,0.049000,2398
Prim Nomal,0.225800,1.547000,1385
Kruskal Normal,0.254900,0.051900,1385
Prim Geometric,0.114400,0.124700,2556
Kruskal Geometric,0.138400,0.050800,2556
Prim Nomal,0.122500,0.066600,1438
Kruskal Normal,0.148500,0.052000,1438
Prim Geometric,0.112600,0.074300,2462
Kruskal Geometric,0.135500,0.058300,2462
Prim Nomal,0.121000,0.065600,1391
Kruskal Normal,0.146800,1.912100,1391
Prim Geometric,0.214700,0.073000,2485
Kruskal Geometric,0.240500,0.064200,2485
Prim Nomal,0.103100,0.068200,1269
Kruskal Normal,0.128900,0.053500,1269
Prim Geometric,0.115700,0.074300,2499
Kruskal Geometric,0.140400,0.049200,2499
Prim Nomal,0.140900,0.098700,851
Kruskal Normal,0.175900,0.094800,851
Prim Geometric,0.134500,0.113500,1883
Kruskal Geometric,0.197600,0.093000,1883
Prim Nomal,0.132100,0.099900,752
Kruskal Normal,0.168900,0.095700,752
Prim Geometric,0.123200,0.112300,1816
Kruskal Geometric,0.159000,0.093800,1816
Prim Nomal,0.129300,0.099700,820
Kruskal Normal,0.164500,0.207200,820
Prim Geometric,0.138600,0.119800,1662
Kruskal Geometric,0.173200,0.092800,1662
Prim Nomal,0.144000,0.098700,660
Kruskal Normal,0.183300,0.096200,660
Prim Geometric,0.120200,0.116600,1785
Kruskal Geometric,0.154100,0.090400,1785
Prim Nomal,0.128000,0.115400,1019
Kruskal Normal,0.163800,0.108200,1019
Prim Geometric,0.121600,0.102900,1977
Kruskal Geometric,0.155100,0.090300,1977
Prim Nomal,0.140700,0.098900,699
Kruskal Normal,0.177700,0.096200,699
Prim Geometric,0.117300,0.112300,1959
Kruskal Geometric,0.150900,0.135300,1959
Prim Nomal,0.183400,0.103600,697
Kruskal Normal,0.220700,0.093100,697
Prim Geometric,0.154400,0.615000,1531
Kruskal Geometric,0.191600,0.090800,1531
Prim Nomal,0.157000,0.203300,823
Kruskal Normal,0.194900,0.093900,823
Prim Geometric,0.343600,0.114900,1787
Kruskal Geometric,0.490800,0.091900,1787
Prim Nomal,0.181000,0.100300,737
Kruskal Normal,0.218800,0.096500,737
Prim Geometric,0.134700,0.159100,1674
Kruskal Geometric,0.171100,1.618500,1674
Prim Nomal,0.194900,0.103000,769
Kruskal Normal,0.233700,0.095600,769
Prim Geometric,0.179700,0.113600,2009
Kruskal Geometric,0.216400,0.092800,2009
Prim Nomal,0.140100,0.108300,599
Kruskal Normal,0.184200,0.136600,599
Prim Geometric,0.124800,0.156000,1424
Kruskal Geometric,0.160100,0.129800,1424
Prim Nomal,0.305100,0.109900,571
Kruskal Normal,0.342600,0.216900,571
Prim Geometric,0.209000,0.131900,1368
Kruskal Geometric,0.243900,0.138100,1368
Prim Nomal,0.209100,1.593300,584
Kruskal Normal,0.364900,0.141500,584
Prim Geometric,0.129500,0.152900,1500
Kruskal Geometric,0.165200,0.133000,1500
Prim Nomal,0.143900,0.107500,560
Kruskal Normal,0.179800,0.137300,560
Prim Geometric,0.125300,0.126800,1571
Kruskal Geometric,0.159900,0.134100,1571
Prim Nomal,0.145000,0.106300,513
Kruskal Normal,0.186000,0.135400,513
Prim Geometric,0.130200,0.124500,1450
Kruskal Geometric,0.165300,0.282900,1450
Prim Nomal,0.144900,0.109900,540
Kruskal Normal,0.181100,0.130900,540
Prim Geometric,0.128300,0.124400,1545
Kruskal Geometric,0.163800,0.133100,1545
Prim Nomal,0.166100,0.107000,569
Kruskal Normal,0.202600,0.165100,569
Prim Geometric,1.792600,0.144000,1506
Kruskal Geometric,1.829900,0.127400,1506
Prim Nomal,0.252800,0.109200,537
Kruskal Normal,0.291200,0.139000,537
Prim Geometric,0.920000,0.128200,1393
Kruskal Geometric,0.956900,0.151500,1393
Prim Nomal,0.157000,0.153100,590
Kruskal Normal,16.249100,0.141100,590
Prim Geometric,0.169700,0.142700,1447
Kruskal Geometric,0.205300,0.129200,1447
Prim Nomal,0.186200,0.107400,589
Kruskal Normal,0.223400,0.277400,589
Prim Geometric,0.160300,0.947400,1560
Kruskal Geometric,0.196000,0.578200,1560
Prim Nomal,0.173500,0.096400,333
Kruskal Normal,0.201500,0.230600,333
Prim Geometric,0.105800,0.146200,1318
Kruskal Geometric,0.131100,0.171000,1318
Prim Nomal,0.138200,0.094100,453
Kruskal Normal,0.165800,0.178200,453
Prim Geometric,0.106000,0.128200,1381
Kruskal Geometric,0.130000,0.184100,1381
Prim Nomal,0.138800,0.096400,386
Kruskal Normal,0.167000,0.180400,386
Prim Geometric,0.128800,0.180500,1357
Kruskal Geometric,0.154500,0.170200,1357
Prim Nomal,0.161100,0.098700,417
Kruskal Normal,0.188500,0.222100,417
Prim Geometric,0.108400,0.129700,1327
Kruskal Geometric,0.133900,0.170800,1327
Prim Nomal,0.435200,0.090900,380
Kruskal Normal,0.462600,0.183200,380
Prim Geometric,0.308100,0.148100,1342
Kruskal Geometric,0.352600,0.171400,1342
Prim Nomal,0.369200,0.093100,446
Kruskal Normal,0.398300,0.177600,446
Prim Geometric,0.130700,0.474300,1380
Kruskal Geometric,0.157100,0.175300,1380
Prim Nomal,0.131400,0.096400,436
Kruskal Normal,0.157900,0.186000,436
Prim Geometric,0.125700,0.142000,1246
Kruskal Geometric,0.153200,0.507400,1246
Prim Nomal,1.462100,0.169500,455
Kruskal Normal,1.491700,0.419700,455
Prim Geometric,0.111000,0.321600,1320
Kruskal Geometric,0.135900,0.168600,1320
Prim Nomal,0.174500,0.094300,447
Kruskal Normal,0.201400,0.178500,447
Prim Geometric,0.241700,0.155300,1244
Kruskal Geometric,0.268700,0.171000,1244
Prim Nomal,0.181400,0.097500,482
Kruskal Normal,0.208100,0.179200,482
Prim Geometric,0.113600,0.140400,1388
Kruskal Geometric,0.162100,0.172100,1388
Prim Nomal,0.654200,0.077100,337
Kruskal Normal,0.713200,0.248400,337
Prim Geometric,0.280000,0.140500,1199
Kruskal Geometric,0.459200,0.237300,1199
Prim Nomal,0.353900,0.075700,351
Kruskal Normal,0.430900,0.226500,351
Prim Geometric,0.089400,0.324600,1241
Kruskal Geometric,0.164800,0.231700,1241
Prim Nomal,0.157900,0.075200,332
Kruskal Normal,0.233900,0.220000,332
Prim Geometric,0.095600,0.170200,1190
Kruskal Geometric,0.184600,0.206700,1190
Prim Nomal,0.203200,0.106100,327
Kruskal Normal,0.281300,0.249600,327
Prim Geometric,0.087000,0.133100,1207
Kruskal Geometric,0.158700,0.220700,1207
Prim Nomal,0.118100,0.073700,332
Kruskal Normal,0.604000,0.223000,332
Prim Geometric,0.106500,0.149700,1186
Kruskal Geometric,0.203900,0.213300,1186
Prim Nomal,0.156100,2.581600,375
Kruskal Normal,0.234600,0.224200,375
Prim Geometric,0.222200,0.126700,1271
Kruskal Geometric,0.295900,0.209100,1271
Prim Nomal,0.139900,0.076200,355
Kruskal Normal,0.225800,0.237500,355
Prim Geometric,0.118800,0.387300,1191
Kruskal Geometric,0.257900,0.211000,1191
Prim Nomal,0.228800,0.075000,332
Kruskal Normal,0.304600,0.215400,332
Prim Geometric,0.208700,0.180600,1227
Kruskal Geometric,0.280900,0.212100,1227
Prim Nomal,0.151400,0.076100,350
Kruskal Normal,0.229700,2.475600,350
Prim Geometric,0.174300,0.176100,1260
Kruskal Geometric,0.248700,0.303900,1260
Prim Nomal,0.130100,0.078500,310
Kruskal Normal,0.206200,0.227100,310
Prim Geometric,0.089200,0.171500,1169
Kruskal Geometric,0.269400,0.216700,1169
Prim Nomal,1.741900,0.194200,64662
Kruskal Normal,1.838200,0.027600,64662
Prim Geometric,3.231200,0.192700,47903
Kruskal Geometric,3.321200,0.028600,47903
Prim Nomal,3.807500,0.193300,63540
Kruskal Normal,3.899800,0.028300,63540
Prim Geometric,1.560300,0.203100,46525
Kruskal Geometric,1.659200,0.028500,46525
Prim Nomal,1.750600,0.207100,65548
Kruskal Normal,1.844100,0.027900,65548
Prim Geometric,1.911600,0.213700,46426
Kruskal Geometric,2.008800,0.051200,46426
Prim Nomal,1.873800,0.196800,65118
Kruskal Normal,1.966700,0.027800,65118
Prim Geometric,3.783700,0.205400,46830
Kruskal Geometric,3.882200,0.028100,46830
Prim Nomal,2.000600,0.203400,63871
Kruskal Normal,2.090700,0.027500,63871
Prim Geometric,1.704500,0.200700,46137
Kruskal Geometric,1.795200,0.027800,46137
Prim Nomal,1.783600,0.194000,65757
Kruskal Normal,1.870000,0.028000,65757
Prim Geometric,4.103000,0.200500,46099
Kruskal Geometric,4.199200,0.028300,46099
Prim Nomal,1.585000,0.201800,65208
Kruskal Normal,1.677200,0.027700,65208
Prim Geometric,1.891600,0.198400,47183
Kruskal Geometric,1.983500,0.027600,47183
Prim Nomal,1.660600,0.529700,65900
Kruskal Normal,1.756400,0.028600,65900
Prim Geometric,3.173100,0.198500,47934
Kruskal Geometric,3.274900,0.028100,47934
Prim Nomal,1.559900,0.202400,63228
Kruskal Normal,1.734000,0.027700,63228
Prim Geometric,2.429100,0.314800,46345
Kruskal Geometric,2.540000,0.029000,46345
Prim Nomal,1.580300,0.193400,63725
Kruskal Normal,1.666000,0.028200,63725
Prim Geometric,1.559700,0.194700,47333
Kruskal Geometric,1.649800,0.028800,47333
Prim Nomal,2.272200,1.147200,1784
Kruskal Normal,2.980600,1.324600,1784
Prim Geometric,2.869100,1.675300,5230
Kruskal Geometric,3.557600,1.294900,5230
Prim Nomal,2.767300,1.145200,1742
Kruskal Normal,3.518400,1.172200,1742
Prim Geometric,2.407100,1.374400,5201
Kruskal Geometric,3.104800,1.061400,5201
Prim Nomal,5.844500,1.198600,1683
Kruskal Normal,6.570200,1.124800,1683
Prim Geometric,2.117600,1.426400,5303
Kruskal Geometric,2.868700,1.326000,5303
Prim Nomal,2.501200,1.186200,1803
Kruskal Normal,3.196500,1.141200,1803
Prim Geometric,2.164600,1.292100,5472
Kruskal Geometric,2.866800,1.067400,5472
Prim Nomal,5.450900,1.161300,1881
Kruskal Normal,6.131100,1.160600,1881
Prim Geometric,2.170900,1.442400,5614
Kruskal Geometric,2.824100,2.745300,5614
Prim Nomal,4.362800,1.164000,1779
Kruskal Normal,5.135600,1.155100,1779
Prim Geometric,2.557300,2.089900,5546
Kruskal Geometric,3.194700,2.174800,5546
Prim Nomal,2.355100,1.122500,1807
Kruskal Normal,3.026500,1.159000,1807
Prim Geometric,2.478800,2.357000,5094
Kruskal Geometric,3.364900,1.155400,5094
Prim Nomal,2.343000,1.154300,1740
Kruskal Normal,2.978800,1.146700,1740
Prim Geometric,2.412800,1.532600,5426
Kruskal Geometric,3.108700,1.547900,5426
Prim Nomal,2.343400,2.028500,1727
Kruskal Normal,2.997300,1.258300,1727
Prim Geometric,2.460800,1.311500,5307
Kruskal Geometric,3.108200,1.051400,5307
Prim Nomal,3.455500,1.169400,1743
Kruskal Normal,4.169900,1.144700,1743
Prim Geometric,2.525900,1.249800,5299
Kruskal Geometric,3.195900,1.079700,5299
Prim Nomal,3.174300,1.881700,969
Kruskal Normal,5.333000,5.018200,969
Prim Geometric,2.888200,2.476700,3993
Kruskal Geometric,3.970900,3.156000,3993
Prim Nomal,4.756700,1.917100,1056
Kruskal Normal,5.872200,2.266900,1056
Prim Geometric,4.255100,4.949500,3931
Kruskal Geometric,5.332200,2.234100,3931
Prim Nomal,3.296600,2.902900,993
Kruskal Normal,4.750600,2.273200,993
Prim Geometric,2.997600,2.945800,3995
Kruskal Geometric,4.089400,3.567200,3995
Prim Nomal,3.213900,1.900400,1015
Kruskal Normal,4.298500,3.128800,1015
Prim Geometric,3.310400,2.373100,3921
Kruskal Geometric,6.759300,2.144600,3921
Prim Nomal,4.001500,2.076600,1031
Kruskal Normal,5.114900,2.311800,1031
Prim Geometric,2.957800,2.604100,3876
Kruskal Geometric,4.040100,3.679100,3876
Prim Nomal,4.912800,1.828800,1081
Kruskal Normal,6.049200,2.267800,1081
Prim Geometric,3.531800,3.396200,3883
Kruskal Geometric,4.632100,2.357100,3883
Prim Nomal,3.275600,3.989100,1060
Kruskal Normal,4.363500,2.461300,1060
Prim Geometric,4.824000,2.623000,3931
Kruskal Geometric,5.903500,2.266400,3931
Prim Nomal,3.515800,1.822600,1022
Kruskal Normal,4.775000,2.244700,1022
Prim Geometric,3.091600,4.342400,3894
Kruskal Geometric,4.320400,4.603500,3894
Prim Nomal,3.249500,4.337900,1049
Kruskal Normal,4.598500,2.432100,1049
Prim Geometric,2.996300,2.416500,3959
Kruskal Geometric,4.095600,2.527500,3959
Prim Nomal,3.350300,1.836100,1091
Kruskal Normal,4.533600,2.303700,1091
Prim Geometric,3.221500,2.506100,3918
Kruskal Geometric,4.404500,2.164600,3918
Prim Nomal,6.251900,4.563700,733
Kruskal Normal,7.549200,3.779800,733
Prim Geometric,7.234400,4.187800,3257
Kruskal Geometric,10.698900,6.463500,3257
Prim Nomal,3.840000,2.031100,758
Kruskal Normal,5.224500,4.699900,758
Prim Geometric,3.146000,2.494100,3238
Kruskal Geometric,4.443700,3.239900,3238
Prim Nomal,4.700300,5.278500,732
Kruskal Normal,6.916000,4.845000,732
Prim Geometric,4.586400,5.586800,3298
Kruskal Geometric,6.075400,3.341700,3298
Prim Nomal,4.095200,2.037800,797
Kruskal Normal,5.719500,3.291200,797
Prim Geometric,6.616100,5.791900,3221
Kruskal Geometric,7.973600,3.200000,3221
Prim Nomal,6.047200,1.991100,754
Kruskal Normal,7.485400,3.545200,754
Prim Geometric,4.199500,2.715200,3159
Kruskal Geometric,9.546300,4.639200,3159
Prim Nomal,3.491700,2.065600,822
Kruskal Normal,4.896300,3.394600,822
Prim Geometric,6.015000,6.087100,3082
Kruskal Geometric,7.556900,3.275000,3082
Prim Nomal,5.174600,2.142700,787
Kruskal Normal,8.765900,3.531600,787
Prim Geometric,4.526300,2.695100,3384
Kruskal Geometric,6.924000,3.360000,3384
Prim Nomal,3.761800,2.012000,849
Kruskal Normal,7.455000,6.860200,849
Prim Geometric,4.165400,5.621900,3162
Kruskal Geometric,7.736700,3.303800,3162
Prim Nomal,5.656600,2.142900,792
Kruskal Normal,7.030800,3.451800,792
Prim Geometric,2.969500,4.213900,3236
Kruskal Geometric,4.439600,3.306700,3236
Prim Nomal,3.634900,2.091000,774
Kruskal Normal,5.006900,5.171700,774
Prim Geometric,3.057200,2.989000,3195
Kruskal Geometric,4.492200,3.274300,3195
Prim Nomal,4.048700,1.816700,645
Kruskal Normal,5.946700,4.621300,645
Prim Geometric,2.562400,3.411900,2891
Kruskal Geometric,3.829300,4.858500,2891
Prim Nomal,3.605800,2.631100,657
Kruskal Normal,4.744500,6.686400,657
Prim Geometric,2.623700,2.321200,2837
Kruskal Geometric,4.038000,5.500100,2837
Prim Nomal,3.236300,3.210900,636
Kruskal Normal,4.459800,4.746900,636
Prim Geometric,2.768100,3.756000,2867
Kruskal Geometric,3.927900,4.512200,2867
Prim Nomal,4.899800,2.036800,642
Kruskal Normal,6.037700,5.045300,642
Prim Geometric,2.586300,4.137300,2842
Kruskal Geometric,3.778500,4.493000,2842
Prim Nomal,3.236700,1.625900,649
Kruskal Normal,4.401100,6.635800,649
Prim Geometric,2.715600,2.569200,2875
Kruskal Geometric,3.928300,4.769100,2875
Prim Nomal,3.166600,1.634900,666
Kruskal Normal,4.410600,4.469500,666
Prim Geometric,2.828800,2.877600,2903
Kruskal Geometric,6.133200,7.270600,2903
Prim Nomal,5.129100,5.412800,683
Kruskal Normal,6.263800,6.118800,683
Prim Geometric,4.020900,2.648400,2866
Kruskal Geometric,5.414100,4.279000,2866
Prim Nomal,4.619600,3.909700,656
Kruskal Normal,6.024900,4.663200,656
Prim Geometric,2.537600,3.849700,2991
Kruskal Geometric,3.918800,7.172800,2991
Prim Nomal,3.251600,2.180500,665
Kruskal Normal,6.017200,4.563100,665
Prim Geometric,2.470300,3.578700,2818
Kruskal Geometric,3.601200,5.029800,2818
Prim Nomal,3.283000,1.619000,658
Kruskal Normal,4.410200,4.662100,658
Prim Geometric,2.923700,2.546200,2976
Kruskal Geometric,4.140400,4.300800,2976
Prim Nomal,2.989900,0.900800,586
Kruskal Normal,4.881800,8.074900,586
Prim Geometric,2.131500,4.127600,2634
Kruskal Geometric,3.121100,7.351300,2634
Prim Nomal,2.886800,1.076300,597
Kruskal Normal,3.933600,7.586700,597
Prim Geometric,2.114300,2.653200,2680
Kruskal Geometric,3.074900,6.246200,2680
Prim Nomal,2.874700,0.885800,587
Kruskal Normal,3.831400,5.671500,587
Prim Geometric,2.577900,2.317600,2727
Kruskal Geometric,3.642700,5.537400,2727
Prim Nomal,3.193700,1.067800,600
Kruskal Normal,4.884200,7.952400,600
Prim Geometric,2.096500,2.971900,2666
Kruskal Geometric,3.025400,8.012700,2666
Prim Nomal,2.895300,0.901900,595
Kruskal Normal,3.945700,6.895500,595
Prim Geometric,2.087800,2.280300,2640
Kruskal Geometric,3.067800,5.594700,2640
Prim Nomal,2.898800,0.917200,636
Kruskal Normal,3.915400,5.461800,636
Prim Geometric,2.104000,4.263800,2631
Kruskal Geometric,3.309500,8.050800,2631
Prim Nomal,2.931100,1.035400,601
Kruskal Normal,4.969600,7.937200,601
Prim Geometric,2.222200,2.268600,2654
Kruskal Geometric,3.172300,6.158800,2654
Prim Nomal,2.822700,0.904800,614
Kruskal Normal,3.858700,6.902900,614
Prim Geometric,2.063800,2.419800,2614
Kruskal Geometric,3.079300,5.306800,2614
Prim Nomal,7.313600,4.048200,584
Kruskal Normal,8.278400,6.055100,584
Prim Geometric,4.331100,4.303200,2581
Kruskal Geometric,5.436400,5.404300,2581
Prim Nomal,4.921900,0.908900,604
Kruskal Normal,5.966000,5.544300,604
Prim Geometric,2.374000,5.206800,2683
Kruskal Geometric,3.338600,7.990800,2683
Prim Nomal,9.506200,2.919700,127299
Kruskal Normal,9.844400,0.073100,127299
Prim Geometric,5.914200,0.748800,91416
Kruskal Geometric,6.265500,0.057900,91416
Prim Nomal,6.275100,0.763800,130416
Kruskal Normal,6.606800,0.058700,130416
Prim Geometric,9.267900,0.769300,93344
Kruskal Geometric,9.785300,0.057500,93344
Prim Nomal,9.350300,1.252200,128221
Kruskal Normal,9.683100,0.122600,128221
Prim Geometric,9.087800,0.745400,94798
Kruskal Geometric,9.423600,0.057500,94798
Prim Nomal,6.015400,0.760400,129414
Kruskal Normal,6.376200,0.057900,129414
Prim Geometric,6.257300,1.101100,92737
Kruskal Geometric,8.581300,0.060200,92737
Prim Nomal,8.491800,0.790000,123223
Kruskal Normal,8.961800,0.060200,123223
Prim Geometric,12.545500,0.743700,94277
Kruskal Geometric,12.871800,0.055600,94277
Prim Nomal,8.654000,0.773800,129509
Kruskal Normal,9.021300,0.058200,129509
Prim Geometric,6.329400,0.731600,91524
Kruskal Geometric,6.646500,0.056600,91524
Prim Nomal,6.098400,0.735700,127295
Kruskal Normal,6.419300,0.057200,127295
Prim Geometric,9.064400,0.798400,96576
Kruskal Geometric,9.394700,0.056300,96576
Prim Nomal,8.580100,0.941800,123645
Kruskal Normal,8.919200,0.059400,123645
Prim Geometric,8.168400,0.817900,96434
Kruskal Geometric,8.487800,0.057500,96434
Prim Nomal,11.141500,0.824800,126371
Kruskal Normal,11.474300,0.057900,126371
Prim Geometric,8.047800,0.771000,93413
Kruskal Geometric,8.662500,0.056800,93413
Prim Nomal,8.234700,0.968900,125276
Kruskal Normal,8.572700,0.060700,125276
Prim Geometric,33.481600,1.270200,92623
Kruskal Geometric,33.809500,0.059400,92623
Prim Nomal,22.798700,4.906700,2016
Kruskal Normal,34.208300,7.259600,2016
Prim Geometric,11.744000,6.026900,7495
Kruskal Geometric,14.833900,5.026600,7495
Prim Nomal,9.613500,4.769100,1971
Kruskal Normal,12.361800,5.631900,1971
Prim Geometric,9.529700,5.872100,7562
Kruskal Geometric,11.872600,5.455600,7562
Prim Nomal,9.212500,5.849800,1995
Kruskal Normal,11.629200,5.004700,1995
Prim Geometric,8.774600,5.215100,7529
Kruskal Geometric,11.681400,4.407600,7529
Prim Nomal,9.408800,4.662600,2047
Kruskal Normal,11.777400,4.714700,2047
Prim Geometric,8.564100,4.991600,7410
Kruskal Geometric,10.996400,4.346200,7410
Prim Nomal,9.804800,4.260100,2112
Kruskal Normal,12.242000,4.547500,2112
Prim Geometric,9.523200,5.596100,7516
Kruskal Geometric,11.910600,4.497300,7516
Prim Nomal,8.836800,4.504500,1988
Kruskal Normal,11.322100,4.463100,1988
Prim Geometric,9.186900,5.489800,7726
Kruskal Geometric,11.516100,4.556400,7726
Prim Nomal,9.008600,4.912900,2041
Kruskal Normal,11.418800,4.631300,2041
Prim Geometric,9.246600,5.151400,7656
Kruskal Geometric,14.465800,5.018000,7656
Prim Nomal,9.711800,5.832900,2013
Kruskal Normal,13.167900,4.679900,2013
Prim Geometric,8.695500,5.445400,7751
Kruskal Geometric,11.337500,4.503000,7751
Prim Nomal,9.307400,4.448400,2020
Kruskal Normal,11.613200,4.698500,2020
Prim Geometric,8.685300,5.022500,7649
Kruskal Geometric,10.972700,4.596700,7649
Prim Nomal,9.131300,4.192700,2079
Kruskal Normal,12.017400,4.815100,2079
Prim Geometric,8.645900,4.898900,7429
Kruskal Geometric,11.177600,4.261600,7429
Prim Nomal,11.886800,6.871100,1293
Kruskal Normal,16.165300,9.176800,1293
Prim Geometric,11.194100,8.650100,5434
Kruskal Geometric,15.246500,9.538400,5434
Prim Nomal,12.029000,6.791300,1284
Kruskal Normal,18.032200,9.441100,1284
Prim Geometric,11.241200,7.975700,5387
Kruskal Geometric,15.652200,9.131600,5387
Prim Nomal,15.037400,6.953100,1288
Kruskal Normal,19.150000,9.243000,1288
Prim Geometric,11.626700,10.313300,5506
Kruskal Geometric,15.968200,8.756200,5506
Prim Nomal,12.501500,7.001300,1297
Kruskal Normal,16.619000,9.445600,1297
Prim Geometric,11.232100,8.907600,5553
Kruskal Geometric,15.233900,9.137700,5553
Prim Nomal,18.077700,6.857300,1306
Kruskal Normal,25.896000,9.471100,1306
Prim Geometric,11.195200,8.174100,5405
Kruskal Geometric,15.384300,9.359900,5405
Prim Nomal,12.616900,7.821900,1299
Kruskal Normal,17.424500,9.584200,1299
Prim Geometric,13.239400,9.413900,5492
Kruskal Geometric,17.419600,8.767500,5492
Prim Nomal,12.657000,7.174600,1290
Kruskal Normal,16.799900,9.404300,1290
Prim Geometric,11.344000,9.137900,5437
Kruskal Geometric,15.461100,9.277500,5437
Prim Nomal,12.232200,6.850800,1318
Kruskal Normal,16.336300,9.888000,1318
Prim Geometric,11.180700,8.777300,5597
Kruskal Geometric,15.338900,9.167800,5597
Prim Nomal,12.731300,7.396000,1286
Kruskal Normal,17.654100,9.556100,1286
Prim Geometric,11.764000,9.313800,5400
Kruskal Geometric,15.871400,8.774800,5400
Prim Nomal,12.752400,6.954600,1341
Kruskal Normal,17.564300,9.555400,1341
Prim Geometric,11.195600,8.144800,5374
Kruskal Geometric,15.316500,9.528800,5374
Prim Nomal,14.477100,7.742400,1121
Kruskal Normal,19.358400,14.565700,1121
Prim Geometric,11.647800,10.415200,4571
Kruskal Geometric,17.004900,13.737600,4571
Prim Nomal,13.781300,7.641800,1091
Kruskal Normal,19.188000,13.919200,1091
Prim Geometric,12.047700,10.266500,4574
Kruskal Geometric,16.991800,13.554200,4574
Prim Nomal,14.752700,7.579400,1098
Kruskal Normal,19.556500,15.358000,1098
Prim Geometric,12.318200,10.087400,4571
Kruskal Geometric,17.474800,13.837300,4571
Prim Nomal,13.733100,7.699500,1129
Kruskal Normal,18.914100,14.194300,1129
Prim Geometric,12.072600,9.581400,4547
Kruskal Geometric,16.853600,13.215500,4547
Prim Nomal,13.688600,7.484600,1114
Kruskal Normal,19.036800,14.464800,1114
Prim Geometric,11.969400,9.765300,4557
Kruskal Geometric,16.784200,13.423900,4557
Prim Nomal,13.933600,7.854100,1115
Kruskal Normal,19.011200,17.069500,1115
Prim Geometric,12.640300,10.087200,4614
Kruskal Geometric,18.399600,13.671400,4614
Prim Nomal,14.421300,7.614500,1114
Kruskal Normal,19.320700,14.119900,1114
Prim Geometric,12.339200,10.865600,4595
Kruskal Geometric,17.096400,13.310700,4595
Prim Nomal,13.581600,7.751700,1110
Kruskal Normal,19.291500,14.106100,1110
Prim Geometric,12.168400,10.935500,4589
Kruskal Geometric,17.002700,13.651900,4589
Prim Nomal,14.576400,11.618100,1103
Kruskal Normal,19.329300,17.418900,1103
Prim Geometric,15.399500,22.760200,4516
Kruskal Geometric,24.186800,14.734900,4516
Prim Nomal,24.992700,7.671500,1137
Kruskal Normal,31.093000,14.912900,1137
Prim Geometric,11.826900,10.279100,4530
Kruskal Geometric,16.899700,13.876300,4530
Prim Nomal,12.507900,6.380800,1054
Kruskal Normal,16.568100,20.656900,1054
Prim Geometric,10.157500,9.691900,4068
Kruskal Geometric,14.103200,20.331900,4068
Prim Nomal,13.238400,6.448100,1052
Kruskal Normal,17.325500,20.253700,1052
Prim Geometric,9.703200,9.423700,4009
Kruskal Geometric,14.520500,18.313600,4009
Prim Nomal,13.266200,6.635000,1055
Kruskal Normal,17.416800,23.311800,1055
Prim Geometric,12.379700,11.360000,4092
Kruskal Geometric,17.919900,18.435600,4092
Prim Nomal,12.810500,6.935600,1045
Kruskal Normal,17.480400,19.149200,1045
Prim Geometric,10.903700,10.697800,4103
Kruskal Geometric,14.897300,19.215600,4103
Prim Nomal,12.802300,6.605900,1047
Kruskal Normal,17.107200,19.574200,1047
Prim Geometric,10.061700,9.147000,4038
Kruskal Geometric,14.067800,18.796600,4038
Prim Nomal,15.738900,6.647600,1055
Kruskal Normal,19.665200,18.901100,1055
Prim Geometric,9.833300,9.405000,4024
Kruskal Geometric,13.846600,18.050000,4024
Prim Nomal,12.272500,5.996300,1050
Kruskal Normal,16.297900,18.883500,1050
Prim Geometric,12.079100,8.577900,4097
Kruskal Geometric,16.173400,17.917400,4097
Prim Nomal,12.178700,5.872400,1033
Kruskal Normal,16.144400,18.898900,1033
Prim Geometric,9.969200,8.269100,4076
Kruskal Geometric,14.358100,18.328600,4076
Prim Nomal,12.360800,5.975000,1056
Kruskal Normal,16.550000,18.817000,1056
Prim Geometric,10.503000,10.572100,3982
Kruskal Geometric,14.753200,20.557800,3982
Prim Nomal,14.279900,5.975900,1039
Kruskal Normal,18.680500,19.507600,1039
Prim Geometric,9.734500,11.464500,3984
Kruskal Geometric,14.646700,27.493800,3984
Prim Nomal,34.947200,2.901800,1025
Kruskal Normal,41.540600,27.028400,1025
Prim Geometric,8.487600,10.117500,3745
Kruskal Geometric,11.935100,26.024400,3745
Prim Nomal,11.637000,3.538400,1014
Kruskal Normal,15.303500,26.219300,1014
Prim Geometric,10.002100,9.195300,3659
Kruskal Geometric,14.119100,25.128100,3659
Prim Nomal,13.938200,4.486800,1020
Kruskal Normal,21.079000,29.679800,1020
Prim Geometric,9.491600,6.684800,3696
Kruskal Geometric,14.808100,25.053300,3696
Prim Nomal,11.194100,3.677100,1026
Kruskal Normal,17.893400,27.241600,1026
Prim Geometric,8.323400,8.922900,3706
Kruskal Geometric,11.562500,23.207900,3706
Prim Nomal,12.313600,3.262800,1022
Kruskal Normal,15.569400,24.690400,1022
Prim Geometric,8.538400,6.848700,3667
Kruskal Geometric,12.144200,24.084400,3667
Prim Nomal,11.332700,2.919400,1019
Kruskal Normal,15.573200,25.089300,1019
Prim Geometric,9.396200,10.397400,3713
Kruskal Geometric,12.736800,24.633300,3713
Prim Nomal,11.728400,3.793600,1018
Kruskal Normal,14.875700,24.242700,1018
Prim Geometric,8.982600,5.639800,3761
Kruskal Geometric,12.157700,23.223700,3761
Prim Nomal,10.998500,3.093800,1021
Kruskal Normal,13.923800,23.380400,1021
Prim Geometric,9.102700,6.811900,3776
Kruskal Geometric,12.001900,22.633000,3776
Prim Nomal,11.485200,3.078400,1016
Kruskal Normal,15.013300,22.944600,1016
Prim Geometric,7.912200,6.474900,3637
Kruskal Geometric,10.853900,23.607200,3637
Prim Nomal,11.028400,2.804000,1022
Kruskal Normal,14.227600,24.490000,1022
Prim Geometric,8.641600,8.185700,3655
Kruskal Geometric,11.711700,22.704600,3655
Prim Nomal,37.132500,4.515000,321383
Kruskal Normal,38.965300,0.145400,321383
Prim Geometric,35.836900,4.619100,237911
Kruskal Geometric,37.697800,0.140100,237911
Prim Nomal,37.713400,4.525200,316293
Kruskal Normal,39.576700,0.147700,316293
Prim Geometric,36.026900,5.063500,235340
Kruskal Geometric,37.980500,0.138100,235340
Prim Nomal,36.255600,5.146700,316987
Kruskal Normal,38.121000,0.151300,316987
Prim Geometric,36.553100,4.496000,238516
Kruskal Geometric,38.411100,0.141400,238516
Prim Nomal,36.421100,4.643500,318956
Kruskal Normal,38.273600,0.144500,318956
Prim Geometric,36.623000,4.774300,233538
Kruskal Geometric,38.482800,0.146000,233538
Prim Nomal,36.356900,4.659900,321028
Kruskal Normal,38.604000,0.147200,321028
Prim Geometric,40.080900,4.839400,237234
Kruskal Geometric,42.097400,0.173200,237234
Prim Nomal,36.775900,4.522000,324880
Kruskal Normal,38.635700,0.144400,324880
Prim Geometric,37.079000,4.653000,234899
Kruskal Geometric,39.068100,0.142500,234899
Prim Nomal,37.048700,4.993400,316634
Kruskal Normal,39.091800,0.143100,316634
Prim Geometric,36.287100,4.452100,236657
Kruskal Geometric,38.137100,0.140000,236657
Prim Nomal,35.950300,4.458800,320679
Kruskal Normal,37.798200,0.157300,320679
Prim Geometric,36.647400,4.854600,236694
Kruskal Geometric,39.134200,0.144000,236694
Prim Nomal,36.254800,4.433600,322815
Kruskal Normal,38.103000,0.143800,322815
Prim Geometric,36.025500,4.516700,236485
Kruskal Geometric,37.870800,0.141000,236485
Prim Nomal,36.393100,4.434100,316523
Kruskal Normal,38.296600,0.143900,316523
Prim Geometric,35.669300,4.603400,235116
Kruskal Geometric,37.586200,0.144100,235116
Prim Nomal,57.149300,24.625300,2933
Kruskal Normal,71.359800,29.947900,2933
Prim Geometric,55.574700,27.601500,11930
Kruskal Geometric,69.387800,28.674200,11930
Prim Nomal,55.970800,24.703800,2953
Kruskal Normal,70.475600,30.469500,2953
Prim Geometric,56.015800,30.272600,11872
Kruskal Geometric,70.200900,32.906300,11872
Prim Nomal,138.222400,31.598200,2957
Kruskal Normal,182.280500,31.210300,2957
Prim Geometric,54.401600,31.006600,11774
Kruskal Geometric,68.358000,30.113100,11774
Prim Nomal,58.416900,25.489200,2971
Kruskal Normal,71.976700,30.578200,2971
Prim Geometric,54.741800,28.199500,11883
Kruskal Geometric,69.144800,28.377800,11883
Prim Nomal,58.844300,24.687100,2964
Kruskal Normal,72.877100,30.166900,2964
Prim Geometric,56.613300,27.763100,11868
Kruskal Geometric,69.969400,28.693100,11868
Prim Nomal,55.549300,24.467400,2965
Kruskal Normal,69.174800,30.352000,2965
Prim Geometric,55.806000,28.386200,12042
Kruskal Geometric,69.329000,28.607800,12042
Prim Nomal,56.100500,25.245400,2928
Kruskal Normal,69.584000,33.492800,2928
Prim Geometric,53.725500,30.269500,11870
Kruskal Geometric,67.153800,29.484100,11870
Prim Nomal,74.482400,26.065400,2960
Kruskal Normal,90.688100,34.261600,2960
Prim Geometric,123.710800,29.658900,11730
Kruskal Geometric,137.992300,29.483400,11730
Prim Nomal,56.647700,25.309400,2971
Kruskal Normal,70.593300,31.603900,2971
Prim Geometric,56.706100,27.535400,11846
Kruskal Geometric,70.548700,29.282300,11846
Prim Nomal,59.052500,24.951000,2957
Kruskal Normal,74.151600,30.506500,2957
Prim Geometric,54.704600,27.460300,11836
Kruskal Geometric,67.860600,28.009000,11836
Prim Nomal,75.884600,40.382400,2535
Kruskal Normal,98.781200,61.846900,2535
Prim Geometric,70.356300,46.892900,8381
Kruskal Geometric,93.964900,59.299800,8381
Prim Nomal,74.584300,40.400600,2552
Kruskal Normal,97.274700,61.063200,2552
Prim Geometric,69.146700,46.334800,8545
Kruskal Geometric,92.334900,59.977400,8545
Prim Nomal,75.852800,41.034900,2546
Kruskal Normal,99.004800,88.644900,2546
Prim Geometric,114.864300,336.356900,8541
Kruskal Geometric,492.106400,283.733400,8541
Prim Nomal,186.459600,86.697100,2557
Kruskal Normal,216.298000,83.687300,2557
Prim Geometric,264.509500,92.288800,8423
Kruskal Geometric,369.525800,156.044000,8423
Prim Nomal,117.105300,62.906800,2542
Kruskal Normal,148.227400,76.398100,2542
Prim Geometric,101.942700,65.343900,8263
Kruskal Geometric,136.301100,61.235600,8263
Prim Nomal,82.255000,42.363100,2554
Kruskal Normal,107.257100,63.659900,2554
Prim Geometric,72.028300,51.699700,8542
Kruskal Geometric,96.447500,71.869100,8542
Prim Nomal,79.144600,43.867400,2548
Kruskal Normal,102.873900,62.083700,2548
Prim Geometric,71.570000,51.517200,8587
Kruskal Geometric,95.296900,60.951800,8587
Prim Nomal,76.346900,41.096500,2542
Kruskal Normal,100.376900,62.842300,2542
Prim Geometric,70.188900,71.906400,8609
Kruskal Geometric,93.826300,69.847300,8609
Prim Nomal,98.477700,105.162500,2556
Kruskal Normal,127.700900,74.546200,2556
Prim Geometric,115.891200,51.526100,8465
Kruskal Geometric,143.191900,65.510900,8465
Prim Nomal,95.598200,42.608600,2549
Kruskal Normal,122.455700,61.799700,2549
Prim Geometric,72.115400,45.678300,8553
Kruskal Geometric,95.065900,60.186200,8553
Prim Nomal,98.660300,45.588700,2506
Kruskal Normal,123.577400,95.777000,2506
Prim Geometric,75.617100,54.755500,7131
Kruskal Geometric,99.546400,88.370800,7131
Prim Nomal,89.044300,46.705100,2505
Kruskal Normal,115.414300,103.244100,2505
Prim Geometric,77.411900,55.101300,7063
Kruskal Geometric,102.438900,96.344200,7063
Prim Nomal,88.549000,47.093200,2506
Kruskal Normal,113.042200,96.735900,2506
Prim Geometric,75.975100,52.698700,7114
Kruskal Geometric,99.687000,86.207200,7114
Prim Nomal,86.086500,45.841400,2502
Kruskal Normal,109.695600,393.408400,2502
Prim Geometric,197.231800,64.904100,7205
Kruskal Geometric,227.834800,150.166300,7205
Prim Nomal,115.647400,91.505200,2502
Kruskal Normal,154.974200,144.741500,2502
Prim Geometric,96.458600,65.446400,7088
Kruskal Geometric,123.565800,95.338300,7088
Prim Nomal,93.844700,47.226200,2506
Kruskal Normal,119.108000,97.903200,2506
Prim Geometric,113.825600,61.021300,7152
Kruskal Geometric,249.246800,90.545400,7152
Prim Nomal,86.813000,44.931300,2500
Kruskal Normal,110.997300,96.771700,2500
Prim Geometric,84.425900,62.353300,7181
Kruskal Geometric,109.346000,121.209200,7181
Prim Nomal,101.764800,60.845100,2509
Kruskal Normal,137.669300,96.486100,2509
Prim Geometric,77.702300,58.723200,7043
Kruskal Geometric,103.390700,96.516900,7043
Prim Nomal,207.631100,54.829300,2502
Kruskal Normal,236.559300,210.168200,2502
Prim Geometric,78.004600,61.484700,7212
Kruskal Geometric,102.616900,114.552700,7212
Prim Nomal,89.618400,43.935400,2503
Kruskal Normal,115.018500,92.438000,2503
Prim Geometric,72.639300,54.909200,7130
Kruskal Geometric,97.002700,88.035000,7130
Prim Nomal,76.007700,34.475900,2502
Kruskal Normal,98.763500,123.014900,2502
Prim Geometric,60.597600,48.129900,6328
Kruskal Geometric,83.652300,119.284600,6328
Prim Nomal,75.767900,34.392000,2501
Kruskal Normal,99.832800,122.329500,2501
Prim Geometric,82.965700,240.735600,6304
Kruskal Geometric,223.995100,128.315500,6304
Prim Nomal,81.861800,38.546400,2499
Kruskal Normal,106.225100,125.909400,2499
Prim Geometric,62.667800,47.147500,6409
Kruskal Geometric,86.292500,127.139400,6409
Prim Nomal,76.266400,35.017200,2500
Kruskal Normal,99.455700,124.217800,2500
Prim Geometric,63.491100,52.477300,6292
Kruskal Geometric,85.966600,130.358000,6292
Prim Nomal,78.430200,36.415600,2500
Kruskal Normal,101.676700,125.203200,2500
Prim Geometric,67.555500,49.019500,6397
Kruskal Geometric,93.759500,125.543200,6397
Prim Nomal,76.337200,35.180100,2500
Kruskal Normal,99.614300,127.349600,2500
Prim Geometric,65.093300,56.881500,6284
Kruskal Geometric,88.683100,169.149600,6284
Prim Nomal,77.396000,34.692700,2499
Kruskal Normal,101.153300,131.309600,2499
Prim Geometric,68.692600,47.219500,6335
Kruskal Geometric,91.874200,120.502100,6335
Prim Nomal,121.323800,39.950600,2499
Kruskal Normal,151.187200,424.162600,2499
Prim Geometric,61.007100,44.627200,6252
Kruskal Geometric,85.303000,119.470500,6252
Prim Nomal,81.810800,39.099900,2501
Kruskal Normal,105.715400,134.241700,2501
Prim Geometric,63.295100,51.299800,6283
Kruskal Geometric,86.783600,134.088300,6283
Prim Nomal,85.778300,36.883300,2499
Kruskal Normal,111.575800,134.605600,2499
Prim Geometric,69.220800,55.592100,6395
Kruskal Geometric,93.380300,124.826000,6395
Prim Nomal,76.180300,24.654700,2499
Kruskal Normal,100.102300,221.313700,2499
Prim Geometric,57.188300,32.953900,5809
Kruskal Geometric,76.787400,151.632100,5809
Prim Nomal,69.140200,16.449600,2500
Kruskal Normal,88.450300,157.921800,2500
Prim Geometric,49.452400,32.931900,5830
Kruskal Geometric,68.409200,152.978300,5830
Prim Nomal,75.515900,18.141500,2499
Kruskal Normal,95.768200,179.299700,2499
Prim Geometric,51.667700,33.804900,5825
Kruskal Geometric,72.254200,162.335400,5825
Prim Nomal,74.336200,19.386900,2499
Kruskal Normal,95.475500,160.560400,2499
Prim Geometric,52.222300,39.109700,5802
Kruskal Geometric,72.365900,153.601000,5802
Prim Nomal,69.694500,18.371500,2499
Kruskal Normal,88.711300,154.375100,2499
Prim Geometric,50.330300,32.131700,5860
Kruskal Geometric,69.623000,150.387900,5860
Prim Nomal,69.011900,15.989400,2500
Kruskal Normal,87.317500,157.981200,2500
Prim Geometric,53.257600,106.297100,5790
Kruskal Geometric,74.115700,336.066400,5790
Prim Nomal,176.512400,20.881600,2499
Kruskal Normal,194.523100,157.914800,2499
Prim Geometric,50.799000,36.123800,5821
Kruskal Geometric,67.971600,155.152400,5821
Prim Nomal,71.807300,23.515100,2499
Kruskal Normal,90.100200,155.917100,2499
Prim Geometric,51.631100,30.932800,5847
Kruskal Geometric,69.462100,156.078200,5847
Prim Nomal,68.636500,16.208700,2499
Kruskal Normal,86.652600,169.320600,2499
Prim Geometric,59.997600,38.718200,5840
Kruskal Geometric,89.392400,154.541800,5840
Prim Nomal,71.627700,22.239800,2499
Kruskal Normal,93.993600,164.573800,2499
Prim Geometric,51.659600,83.101300,5825
Kruskal Geometric,70.070300,179.910700,5825
Prim Nomal,160.207700,19.078300,635917
Kruskal Normal,167.997900,0.296400,635917
Prim Geometric,150.928000,23.548000,474720
Kruskal Geometric,159.153300,0.277900,474720
Prim Nomal,155.936400,18.301000,639919
Kruskal Normal,162.986500,0.284900,639919
Prim Geometric,195.498300,19.293300,470411
Kruskal Geometric,202.813800,0.276400,470411
Prim Nomal,153.234100,18.396900,644837
Kruskal Normal,160.820400,0.288600,644837
Prim Geometric,149.917000,19.301400,469575
Kruskal Geometric,157.034100,0.275300,469575
Prim Nomal,158.255700,22.254500,633425
Kruskal Normal,167.874200,0.287100,633425
Prim Geometric,161.833700,17.967300,468452
Kruskal Geometric,168.960200,0.281000,468452
Prim Nomal,151.494500,18.424700,636756
Kruskal Normal,158.808700,0.288500,636756
Prim Geometric,157.648800,19.417700,470421
Kruskal Geometric,165.018300,0.290900,470421
Prim Nomal,160.160600,17.819000,630756
Kruskal Normal,167.255000,0.285500,630756
Prim Geometric,222.018500,19.956300,472595
Kruskal Geometric,229.771000,0.276600,472595
Prim Nomal,152.101700,18.029600,637869
Kruskal Normal,159.321400,0.291800,637869
Prim Geometric,149.372600,18.399400,474269
Kruskal Geometric,157.250900,0.285500,474269
Prim Nomal,147.484300,17.746800,637704
Kruskal Normal,154.523400,0.286000,637704
Prim Geometric,158.412700,19.321400,470830
Kruskal Geometric,169.396100,0.451600,470830
Prim Nomal,155.404600,19.697300,637433
Kruskal Normal,162.626000,0.444300,637433
Prim Geometric,151.858500,17.931900,471248
Kruskal Geometric,158.950600,0.274900,471248
Prim Nomal,149.580600,18.012100,638810
Kruskal Normal,157.072800,0.298300,638810
Prim Geometric,153.272200,18.045200,472497
Kruskal Geometric,160.590200,0.282500,472497
Prim Nomal,249.941100,94.545600,5096
Kruskal Normal,304.162500,131.333100,5096
Prim Geometric,232.047000,111.012500,16635
Kruskal Geometric,285.774000,122.888600,16635
Prim Nomal,239.290700,95.944400,5107
Kruskal Normal,296.784500,122.571100,5107
Prim Geometric,222.508500,109.942200,16525
Kruskal Geometric,274.905400,121.883600,16525
Prim Nomal,238.258100,94.792800,5088
Kruskal Normal,292.359600,125.737000,5088
Prim Geometric,233.841200,113.446600,16436
Kruskal Geometric,289.867200,126.153100,16436
Prim Nomal,237.004400,94.465600,5102
Kruskal Normal,290.349000,124.190000,5102
Prim Geometric,226.087700,101.337200,16469
Kruskal Geometric,280.561800,118.620200,16469
Prim Nomal,259.431500,97.404000,5086
Kruskal Normal,314.735900,135.067100,5086
Prim Geometric,322.320500,173.986700,16660
Kruskal Geometric,375.856600,162.802600,16660
Prim Nomal,248.149400,125.899700,5109
Kruskal Normal,340.508900,129.618700,5109
Prim Geometric,234.638600,116.614200,16559
Kruskal Geometric,296.495500,120.836500,16559
Prim Nomal,239.400300,96.600900,5107
Kruskal Normal,294.190900,125.589100,5107
Prim Geometric,234.807900,122.482800,16695
Kruskal Geometric,288.596400,122.839800,16695
Prim Nomal,235.351600,93.091600,5071
Kruskal Normal,288.023400,125.224400,5071
Prim Geometric,224.233100,107.599100,16679
Kruskal Geometric,277.085000,125.800900,16679
Prim Nomal,233.956900,93.009800,5085
Kruskal Normal,287.250800,124.435900,5085
Prim Geometric,220.324200,104.464200,16588
Kruskal Geometric,274.204800,118.194200,16588
Prim Nomal,240.803500,94.415600,5100
Kruskal Normal,293.586900,126.215600,5100
Prim Geometric,227.651500,104.669000,16842
Kruskal Geometric,281.320400,121.906800,16842
Prim Nomal,316.918300,159.252700,5000
Kruskal Normal,413.300800,251.962600,5000
Prim Geometric,297.883900,177.401800,12040
Kruskal Geometric,391.055900,237.732300,12040
Prim Nomal,313.983100,164.458300,5000
Kruskal Normal,406.693400,252.173300,5000
Prim Geometric,288.608800,182.110500,11963
Kruskal Geometric,386.338800,259.621200,11963
Prim Nomal,322.360900,155.149700,4999
Kruskal Normal,413.935500,250.730600,4999
Prim Geometric,291.834300,184.312900,11986
Kruskal Geometric,382.493900,244.410500,11986
Prim Nomal,321.517100,156.034100,5000
Kruskal Normal,411.483400,252.441500,5000
Prim Geometric,286.339400,177.864700,12021
Kruskal Geometric,376.311100,242.190200,12021
Prim Nomal,315.896800,157.287400,5000
Kruskal Normal,405.883300,304.211100,5000
Prim Geometric,291.205700,179.947000,12012
Kruskal Geometric,380.340600,281.844100,12012
Prim Nomal,317.019300,157.226800,5000
Kruskal Normal,406.240800,269.019200,5000
Prim Geometric,309.935300,316.509600,12078
Kruskal Geometric,401.481000,356.734700,12078
Prim Nomal,388.057900,172.414000,5000
Kruskal Normal,491.016200,287.658300,5000
Prim Geometric,336.927200,192.961400,12014
Kruskal Geometric,430.671200,252.240700,12014
Prim Nomal,333.221600,156.269000,5002
Kruskal Normal,423.041900,262.974800,5002
Prim Geometric,299.398900,189.916500,11944
Kruskal Geometric,393.169700,248.270300,11944
Prim Nomal,333.442300,166.108400,4999
Kruskal Normal,427.405700,257.904200,4999
Prim Geometric,317.071600,186.384900,12083
Kruskal Geometric,414.129800,251.650700,12083
Prim Nomal,331.167500,160.258400,5000
Kruskal Normal,429.314700,305.695100,5000
Prim Geometric,315.665600,297.759600,11823
Kruskal Geometric,418.954300,354.780400,11823
Prim Nomal,536.630400,204.791000,4999
Kruskal Normal,669.517800,465.075500,4999
Prim Geometric,307.209300,228.883600,10050
Kruskal Geometric,407.886500,508.070100,10050
Prim Nomal,429.141600,178.868100,4999
Kruskal Normal,531.704400,402.470700,4999
Prim Geometric,323.495200,216.181700,10031
Kruskal Geometric,429.559700,402.642200,10031
Prim Nomal,355.934400,174.907600,4999
Kruskal Normal,453.237200,381.902300,4999
Prim Geometric,299.112800,199.957200,9894
Kruskal Geometric,395.463200,374.727600,9894
Prim Nomal,378.890100,177.136600,4999
Kruskal Normal,480.988600,556.669100,4999
Prim Geometric,289.674000,198.924800,9966
Kruskal Geometric,386.161500,390.405700,9966
Prim Nomal,372.650300,180.714700,4999
Kruskal Normal,469.960900,433.110000,4999
Prim Geometric,302.626100,202.938700,10119
Kruskal Geometric,401.497900,385.517200,10119
Prim Nomal,377.267200,174.337700,4999
Kruskal Normal,476.767300,417.983900,4999
Prim Geometric,304.252200,199.532800,9983
Kruskal Geometric,401.581200,427.078500,9983
Prim Nomal,346.564100,175.321800,4999
Kruskal Normal,443.496500,396.444500,4999
Prim Geometric,321.588100,210.474500,9962
Kruskal Geometric,417.887900,405.211100,9962
Prim Nomal,363.802600,186.143700,4999
Kruskal Normal,460.824500,419.159600,4999
Prim Geometric,423.945000,316.971800,10090
Kruskal Geometric,574.883700,418.698800,10090
Prim Nomal,397.058400,200.638900,4999
Kruskal Normal,499.138700,412.987300,4999
Prim Geometric,297.799000,206.204000,9956
Kruskal Geometric,409.372700,464.790800,9956
Prim Nomal,411.997900,175.011000,4999
Kruskal Normal,511.481200,397.854600,4999
Prim Geometric,383.960800,223.178300,9889
Kruskal Geometric,489.569300,381.228700,9889
Prim Nomal,337.363400,137.627800,4999
Kruskal Normal,430.589500,520.355900,4999
Prim Geometric,280.455500,179.213200,8844
Kruskal Geometric,386.661500,556.713500,8844
Prim Nomal,353.546500,146.717100,4999
Kruskal Normal,462.888600,553.789500,4999
Prim Geometric,258.784400,171.926500,8860
Kruskal Geometric,350.747800,498.625800,8860
Prim Nomal,328.154700,143.603800,4999
Kruskal Normal,421.027800,521.507600,4999
Prim Geometric,263.250800,171.030700,8928
Kruskal Geometric,356.444600,515.854800,8928
Prim Nomal,399.278300,141.619500,4999
Kruskal Normal,606.300900,518.676600,4999
Prim Geometric,246.704100,175.337900,8786
Kruskal Geometric,337.630500,782.085300,8786
Prim Nomal,455.769800,163.296900,4999
Kruskal Normal,573.962400,654.736000,4999
Prim Geometric,267.513900,165.468800,8860
Kruskal Geometric,361.307900,604.411600,8860
Prim Nomal,362.759600,142.179400,4999
Kruskal Normal,470.684200,556.249800,4999
Prim Geometric,310.609400,187.585700,8782
Kruskal Geometric,521.422700,506.869400,8782
Prim Nomal,457.271700,142.101800,4999
Kruskal Normal,559.729300,543.912900,4999
Prim Geometric,267.719000,199.540500,8769
Kruskal Geometric,365.102300,519.345400,8769
Prim Nomal,443.493300,140.188000,4999
Kruskal Normal,548.888600,554.876000,4999
Prim Geometric,243.924100,174.300700,8869
Kruskal Geometric,339.792400,497.280500,8869
Prim Nomal,337.742000,136.377700,4999
Kruskal Normal,431.991700,528.146100,4999
Prim Geometric,248.618400,179.744300,8813
Kruskal Geometric,340.020600,494.209100,8813
Prim Nomal,319.951300,134.892600,4999
Kruskal Normal,410.413100,513.321800,4999
Prim Geometric,244.405200,171.830600,8861
Kruskal Geometric,335.879400,501.139700,8861
Prim Nomal,316.138600,101.141900,4999
Kruskal Normal,392.297700,665.536700,4999
Prim Geometric,269.293600,133.597700,8120
Kruskal Geometric,351.647600,635.499700,8120
Prim Nomal,312.701300,99.810500,4999
Kruskal Normal,423.136100,690.459700,4999
Prim Geometric,237.139100,134.116400,8177
Kruskal Geometric,317.793300,677.200100,8177
Prim Nomal,304.918400,88.922300,4999
Kruskal Normal,385.371600,675.473100,4999
Prim Geometric,223.409300,124.943600,8183
Kruskal Geometric,299.522300,718.933600,8183
Prim Nomal,314.161000,85.005300,4999
Kruskal Normal,399.486800,650.900200,4999
Prim Geometric,267.655900,139.432000,8169
Kruskal Geometric,347.179100,668.680900,8169
Prim Nomal,306.309900,83.712100,4999
Kruskal Normal,385.451800,655.075200,4999
Prim Geometric,410.337400,155.038800,8108
Kruskal Geometric,520.178300,647.629600,8108
Prim Nomal,325.654100,95.650600,4999
Kruskal Normal,410.745100,656.501300,4999
Prim Geometric,219.927900,117.320700,8140
Kruskal Geometric,297.046600,624.467500,8140
Prim Nomal,299.600000,112.537600,4999
Kruskal Normal,375.546800,655.303900,4999
Prim Geometric,232.487700,135.114900,8079
Kruskal Geometric,309.094500,884.970600,8079
Prim Nomal,309.181300,103.529200,4999
Kruskal Normal,389.646500,693.572000,4999
Prim Geometric,219.656000,132.008100,8138
Kruskal Geometric,297.834000,675.324700,8138
Prim Nomal,318.411300,83.291800,4999
Kruskal Normal,401.162100,706.705800,4999
Prim Geometric,248.197800,142.992100,8195
Kruskal Geometric,322.169500,637.150600,8195
Prim Nomal,298.517300,82.647200,4999
Kruskal Normal,371.722800,651.919000,4999
Prim Geometric,242.135100,273.175100,8133
Kruskal Geometric,327.112100,654.698800,8133
Prim Nomal,323.001600,39.421400,947669
Kruskal Normal,338.530400,0.425800,947669
Prim Geometric,320.968800,39.884700,708308
Kruskal Geometric,336.527200,0.405400,708308
Prim Nomal,331.469600,39.512000,955736
Kruskal Normal,346.985600,0.425000,955736
Prim Geometric,332.186800,39.480800,711679
Kruskal Geometric,348.023600,0.417600,711679
Prim Nomal,382.879700,71.437500,954034
Kruskal Normal,466.702400,0.433200,954034
Prim Geometric,525.132700,39.857100,710081
Kruskal Geometric,540.747300,0.416100,710081
Prim Nomal,338.694000,44.538100,949280
Kruskal Normal,355.505700,0.420300,949280
Prim Geometric,351.817900,41.605300,710127
Kruskal Geometric,369.201900,0.419800,710127
Prim Nomal,321.368200,39.598300,965236
Kruskal Normal,336.934500,0.424000,965236
Prim Geometric,331.968900,41.136100,709482
Kruskal Geometric,349.131700,0.435900,709482
Prim Nomal,335.405400,43.846900,953320
Kruskal Normal,351.233000,0.471300,953320
Prim Geometric,347.633100,42.110500,711213
Kruskal Geometric,365.011000,0.741900,711213
Prim Nomal,314.722400,39.454600,946297
Kruskal Normal,330.432400,0.443600,946297
Prim Geometric,312.770100,48.727000,700157
Kruskal Geometric,328.314600,0.423100,700157
Prim Nomal,358.771000,42.047600,954751
Kruskal Normal,375.431400,0.428100,954751
Prim Geometric,358.231100,97.706200,715698
Kruskal Geometric,375.628000,0.478700,715698
Prim Nomal,335.838600,41.371700,958514
Kruskal Normal,351.653700,0.441800,958514
Prim Geometric,351.804700,40.509900,709762
Kruskal Geometric,367.681200,0.483300,709762
Prim Nomal,321.535400,39.712400,954763
Kruskal Normal,337.444300,0.534200,954763
Prim Geometric,314.135200,40.938900,697957
Kruskal Geometric,329.768100,0.440900,697957
Prim Nomal,550.861600,209.641500,7515
Kruskal Normal,669.682200,278.128700,7515
Prim Geometric,481.296100,235.993100,20252
Kruskal Geometric,597.127600,281.914700,20252
Prim Nomal,568.494300,211.645900,7514
Kruskal Normal,686.185100,303.409800,7514
Prim Geometric,519.072100,237.587800,20285
Kruskal Geometric,636.490800,288.961000,20285
Prim Nomal,529.712600,234.372400,7521
Kruskal Normal,649.560900,293.451000,7521
Prim Geometric,489.393000,237.594900,20363
Kruskal Geometric,608.148700,297.227900,20363
Prim Nomal,542.322600,209.454300,7510
Kruskal Normal,661.231000,288.056100,7510
Prim Geometric,490.183800,235.215000,20580
Kruskal Geometric,608.003300,279.907800,20580
Prim Nomal,509.890300,209.011900,7516
Kruskal Normal,627.255600,286.262500,7516
Prim Geometric,511.855400,235.746700,20567
Kruskal Geometric,638.437800,284.406200,20567
Prim Nomal,512.460000,206.527200,7523
Kruskal Normal,629.376900,289.279100,7523
Prim Geometric,486.283800,238.001800,20298
Kruskal Geometric,603.558200,310.619500,20298
Prim Nomal,518.394200,224.051200,7520
Kruskal Normal,641.610000,286.758900,7520
Prim Geometric,527.959000,227.322700,20299
Kruskal Geometric,644.618700,275.910300,20299
Prim Nomal,531.929200,221.369300,7514
Kruskal Normal,652.634800,334.100600,7514
Prim Geometric,489.398300,234.000300,20464
Kruskal Geometric,604.656100,277.013400,20464
Prim Nomal,530.260100,206.783700,7527
Kruskal Normal,647.910400,284.327700,7527
Prim Geometric,520.025900,245.968300,20162
Kruskal Geometric,639.687000,274.243300,20162
Prim Nomal,512.690600,228.448700,7524
Kruskal Normal,628.800100,296.739600,7524
Prim Geometric,482.215000,229.721200,20522
Kruskal Geometric,598.164500,274.797200,20522
Prim Nomal,692.343700,357.664700,7499
Kruskal Normal,894.173700,592.252400,7499
Prim Geometric,634.052400,391.396400,14325
Kruskal Geometric,836.735800,568.632200,14325
Prim Nomal,696.544800,351.925300,7500
Kruskal Normal,904.840900,581.835900,7500
Prim Geometric,621.297000,392.937100,14462
Kruskal Geometric,822.145000,586.100300,14462
Prim Nomal,722.823800,351.670400,7499
Kruskal Normal,961.661400,577.597000,7499
Prim Geometric,674.918700,519.444400,14439
Kruskal Geometric,1040.818900,613.466000,14439
Prim Nomal,768.669000,456.049400,7499
Kruskal Normal,996.028800,736.418700,7499
Prim Geometric,709.026800,483.302600,14457
Kruskal Geometric,940.520400,847.829300,14457
Prim Nomal,1212.493800,385.279200,7499
Kruskal Normal,1489.827900,641.851700,7499
Prim Geometric,646.738900,409.298800,14440
Kruskal Geometric,858.918900,582.153800,14440
Prim Nomal,799.297700,359.994000,7499
Kruskal Normal,1027.974000,604.624500,7499
Prim Geometric,641.009400,389.731600,14586
Kruskal Geometric,846.412000,616.363100,14586
Prim Nomal,777.552800,599.004300,7499
Kruskal Normal,1006.322700,753.189800,7499
Prim Geometric,855.733100,391.421400,14583
Kruskal Geometric,1070.432700,562.321800,14583
Prim Nomal,693.729000,354.247100,7499
Kruskal Normal,901.331200,597.927700,7499
Prim Geometric,635.796000,422.246700,14492
Kruskal Geometric,842.597400,550.180000,14492
Prim Nomal,683.432300,348.654100,7499
Kruskal Normal,886.033900,599.337500,7499
Prim Geometric,644.486400,397.590700,14685
Kruskal Geometric,851.048700,583.659600,14685
Prim Nomal,714.090900,350.934200,7499
Kruskal Normal,921.366300,589.063700,7499
Prim Geometric,667.112000,380.652000,14538
Kruskal Geometric,871.875100,634.508800,14538
Prim Nomal,929.249300,574.822000,7499
Kruskal Normal,1211.278900,1087.636200,7499
Prim Geometric,837.237100,463.020600,12070
Kruskal Geometric,1105.020800,1010.864300,12070
Prim Nomal,866.660300,412.826300,7499
Kruskal Normal,1282.440700,907.486500,7499
Prim Geometric,656.216100,437.399900,12136
Kruskal Geometric,906.199300,848.273000,12136
Prim Nomal,786.609600,410.606800,7499
Kruskal Normal,1036.739200,1014.480100,7499
Prim Geometric,671.096300,451.029300,12089
Kruskal Geometric,918.510400,893.518500,12089
Prim Nomal,1103.476700,434.991600,7499
Kruskal Normal,1462.273500,956.363700,7499
Prim Geometric,687.527600,500.887400,12097
Kruskal Geometric,958.912900,945.522600,12097
Prim Nomal,835.106900,397.083500,7499
Kruskal Normal,1083.055500,899.929800,7499
Prim Geometric,653.061400,528.668300,12168
Kruskal Geometric,900.469500,953.847200,12168
Prim Nomal,940.876800,487.556600,7499
Kruskal Normal,1310.381300,983.939900,7499
Prim Geometric,927.518600,603.335300,12125
Kruskal Geometric,1353.518000,970.936700,12125
Prim Nomal,812.398200,450.773800,7499
Kruskal Normal,1080.222900,969.488600,7499
Prim Geometric,743.403100,541.186700,12127
Kruskal Geometric,1039.022700,1022.473000,12127
Prim Nomal,848.047400,385.482900,7499
Kruskal Normal,1088.623700,879.345100,7499
Prim Geometric,681.338500,457.120900,12030
Kruskal Geometric,922.847000,858.641500,12030
Prim Nomal,779.157900,402.934100,7499
Kruskal Normal,1047.651900,898.666900,7499
Prim Geometric,665.115400,485.763600,12044
Kruskal Geometric,927.181700,943.907400,12044
Prim Nomal,878.799700,507.727600,7499
Kruskal Normal,1245.645200,1161.764300,7499
Prim Geometric,726.412600,491.156900,12168
Kruskal Geometric,1001.621800,893.531800,12168
Prim Nomal,831.201600,380.141600,7499
Kruskal Normal,1039.457600,1268.467200,7499
Prim Geometric,561.290500,418.022100,10837
Kruskal Geometric,783.938000,1222.245100,10837
Prim Nomal,769.047800,324.514300,7499
Kruskal Normal,961.772500,1221.760700,7499
Prim Geometric,561.377900,416.559500,10800
Kruskal Geometric,746.256300,1148.401600,10800
Prim Nomal,759.075000,303.636800,7499
Kruskal Normal,942.186600,1210.060300,7499
Prim Geometric,562.038400,391.259800,10771
Kruskal Geometric,748.656600,1164.770000,10771
Prim Nomal,965.465900,304.010100,7499
Kruskal Normal,1230.524600,1389.704100,7499
Prim Geometric,568.189500,410.013500,10827
Kruskal Geometric,762.937800,1186.803600,10827
Prim Nomal,754.197600,313.675200,7499
Kruskal Normal,943.057500,1396.790600,7499
Prim Geometric,666.273400,378.346300,10792
Kruskal Geometric,1010.415100,1536.628600,10792
Prim Nomal,743.137900,335.194600,7499
Kruskal Normal,947.787800,1220.647700,7499
Prim Geometric,879.117300,377.238900,10840
Kruskal Geometric,1084.917900,1221.297300,10840
Prim Nomal,763.985200,327.893900,7499
Kruskal Normal,947.724100,1218.311000,7499
Prim Geometric,818.354100,398.130800,10809
Kruskal Geometric,1035.560900,1218.649200,10809
Prim Nomal,766.562500,318.927300,7499
Kruskal Normal,956.279200,1233.947800,7499
Prim Geometric,594.659300,410.389500,10709
Kruskal Geometric,812.380800,1282.333700,10709
Prim Nomal,739.062800,318.980400,7499
Kruskal Normal,1051.809300,1364.111000,7499
Prim Geometric,677.260000,395.669700,10736
Kruskal Geometric,909.603800,1197.717100,10736
Prim Nomal,828.839100,312.899100,7499
Kruskal Normal,1025.959600,1201.940200,7499
Prim Geometric,608.046900,365.502800,10770
Kruskal Geometric,799.006600,1310.887900,10770
Prim Nomal,717.718200,262.338500,7499
Kruskal Normal,862.241300,1536.662700,7499
Prim Geometric,517.159900,284.340400,10002
Kruskal Geometric,658.939600,1468.810000,10002
Prim Nomal,696.993900,212.950300,7499
Kruskal Normal,842.422600,1535.914500,7499
Prim Geometric,565.839500,295.860000,10015
Kruskal Geometric,709.239500,1467.842900,10015
Prim Nomal,699.107200,224.123300,7499
Kruskal Normal,841.563800,1515.030100,7499
Prim Geometric,520.307600,296.989700,10028
Kruskal Geometric,661.664600,1487.576600,10028
Prim Nomal,779.683500,202.351500,7499
Kruskal Normal,935.115000,1732.431300,7499
Prim Geometric,583.951400,278.346400,10096
Kruskal Geometric,763.359600,1498.038100,10096
Prim Nomal,715.778200,249.243000,7499
Kruskal Normal,863.916900,1708.960200,7499
Prim Geometric,596.382000,325.399200,10068
Kruskal Geometric,742.268100,2341.901700,10068
Prim Nomal,899.921300,211.302400,7499
Kruskal Normal,1058.613900,1855.650600,7499
Prim Geometric,544.865900,281.197500,10035
Kruskal Geometric,693.223500,1625.815200,10035
Prim Nomal,745.177800,208.879400,7499
Kruskal Normal,896.975000,1745.807500,7499
Prim Geometric,599.637600,312.018200,10035
Kruskal Geometric,753.173100,1480.622600,10035
Prim Nomal,709.066300,209.665400,7499
Kruskal Normal,907.889600,1568.980300,7499
Prim Geometric,607.900800,305.576600,10131
Kruskal Geometric,769.558400,1711.193300,10131
Prim Nomal,759.089100,229.651200,7499
Kruskal Normal,914.932100,1549.103300,7499
Prim Geometric,543.685000,265.150900,10048
Kruskal Geometric,693.792500,1615.783300,10048
Prim Nomal,730.199200,213.645700,7499
Kruskal Normal,908.285400,1576.317100,7499
Prim Geometric,536.694900,294.438600,10086
Kruskal Geometric,688.452400,1489.159000,10086
Prim Nomal,583.221200,73.169000,1277131
Kruskal Normal,611.435100,0.583800,1277131
Prim Geometric,581.205300,72.698500,943364
Kruskal Geometric,610.132800,0.566800,943364
Prim Nomal,576.379400,70.765400,1287290
Kruskal Normal,604.218200,0.771500,1287290
Prim Geometric,565.019900,71.291200,943940
Kruskal Geometric,592.606200,0.560300,943940
Prim Nomal,555.990100,72.625100,1274691
Kruskal Normal,585.094900,0.569000,1274691
Prim Geometric,563.741700,69.826000,951862
Kruskal Geometric,591.527100,0.554000,951862
Prim Nomal,554.395100,71.808700,1272277
Kruskal Normal,582.289300,0.576600,1272277
Prim Geometric,555.806200,70.489400,930843
Kruskal Geometric,583.873500,0.558700,930843
Prim Nomal,695.160900,71.209100,1283231
Kruskal Normal,723.308800,0.573000,1283231
Prim Geometric,614.096400,72.095200,934101
Kruskal Geometric,643.628700,0.571600,934101
Prim Nomal,571.233800,74.630100,1276393
Kruskal Normal,599.589900,0.571500,1276393
Prim Geometric,637.157600,77.999900,950314
Kruskal Geometric,667.303300,0.557900,950314
Prim Nomal,779.954800,72.752800,1258936
Kruskal Normal,807.710000,0.593300,1258936
Prim Geometric,569.686900,76.791500,943647
Kruskal Geometric,598.531500,0.558000,943647
Prim Nomal,572.271400,72.973200,1285661
Kruskal Normal,599.825600,0.605200,1285661
Prim Geometric,564.481700,71.985400,931362
Kruskal Geometric,592.515500,0.563900,931362
Prim Nomal,576.799800,76.167100,1278426
Kruskal Normal,604.665100,0.580100,1278426
Prim Geometric,566.384000,74.025100,943512
Kruskal Geometric,594.187000,0.557100,943512
Prim Nomal,554.957800,72.052400,1270932
Kruskal Normal,582.359100,0.651800,1270932
Prim Geometric,561.079400,70.817500,943752
Kruskal Geometric,589.011500,0.553800,943752
Prim Nomal,941.373400,368.091800,10006
Kruskal Normal,1155.868200,531.530700,10006
Prim Geometric,879.840500,395.148800,23389
Kruskal Geometric,1100.433000,503.785400,23389
Prim Nomal,938.145000,367.479200,10002
Kruskal Normal,1144.775800,517.448100,10002
Prim Geometric,1073.674000,539.499200,23136
Kruskal Geometric,1329.584800,538.991400,23136
Prim Nomal,1085.962600,417.617800,10000
Kruskal Normal,1309.144100,521.175300,10000
Prim Geometric,891.103600,420.774800,23525
Kruskal Geometric,1094.228100,515.173000,23525
Prim Nomal,952.625900,371.115400,10007
Kruskal Normal,1157.180400,536.076000,10007
Prim Geometric,990.562400,408.256700,23059
Kruskal Geometric,1195.184000,511.067700,23059
Prim Nomal,941.432200,371.247500,10002
Kruskal Normal,1150.567800,559.222500,10002
Prim Geometric,891.310500,405.318400,23327
Kruskal Geometric,1095.674500,503.312000,23327
Prim Nomal,936.655400,370.095600,10001
Kruskal Normal,1140.521500,539.777900,10001
Prim Geometric,935.008600,410.147500,23252
Kruskal Geometric,1143.263600,502.229400,23252
Prim Nomal,935.769000,366.434300,10000
Kruskal Normal,1140.399700,540.743000,10000
Prim Geometric,1071.175900,438.823700,23350
Kruskal Geometric,1314.865400,554.770200,23350
Prim Nomal,1012.389100,364.447200,9999
Kruskal Normal,1216.248700,528.689400,9999
Prim Geometric,903.231900,398.464900,23690
Kruskal Geometric,1121.707200,505.454000,23690
Prim Nomal,921.448300,367.352800,10002
Kruskal Normal,1124.406000,508.605700,10002
Prim Geometric,877.942300,396.498200,23432
Kruskal Geometric,1077.079900,504.627500,23432
Prim Nomal,921.115600,367.096400,10003
Kruskal Normal,1122.112200,516.760700,10003
Prim Geometric,870.680300,413.536000,23260
Kruskal Geometric,1071.295400,497.415300,23260
Prim Nomal,1244.205400,620.758600,10000
Kruskal Normal,1604.445600,1040.024000,10000
Prim Geometric,1121.635500,696.055500,16706
Kruskal Geometric,1473.329900,1009.814300,16706
Prim Nomal,1235.562400,617.017400,9999
Kruskal Normal,1585.759100,1053.032400,9999
Prim Geometric,1117.976500,695.553800,16711
Kruskal Geometric,1469.828100,988.143200,16711
Prim Nomal,1232.659000,613.719200,9999
Kruskal Normal,1581.921600,1042.341800,9999
Prim Geometric,1179.217400,665.314500,16640
Kruskal Geometric,1531.549700,1004.576500,16640
Prim Nomal,1229.929400,654.499100,9999
Kruskal Normal,1582.707600,1092.118900,9999
Prim Geometric,1126.821500,670.573800,16580
Kruskal Geometric,1477.623300,1003.686700,16580
Prim Nomal,1239.091100,616.176200,9999
Kruskal Normal,1589.647400,1049.922200,9999
Prim Geometric,1117.081000,673.970100,16676
Kruskal Geometric,1467.374200,1019.436900,16676
Prim Nomal,1238.259000,614.970400,9999
Kruskal Normal,1590.456000,1038.924200,9999
Prim Geometric,1118.582400,667.038500,16592
Kruskal Geometric,1469.555700,1027.800100,16592
Prim Nomal,1229.290400,632.008000,9999
Kruskal Normal,1589.233800,1059.246700,9999
Prim Geometric,1120.252100,707.901700,16713
Kruskal Geometric,1478.871500,1017.424300,16713
Prim Nomal,1240.129800,616.810100,9999
Kruskal Normal,1598.340600,1065.350700,9999
Prim Geometric,1137.312100,684.618900,16508
Kruskal Geometric,1491.013700,1029.537900,16508
Prim Nomal,1240.463400,618.581400,9999
Kruskal Normal,1596.886400,1066.275000,9999
Prim Geometric,1115.550700,678.838100,16524
Kruskal Geometric,1464.709900,1004.356200,16524
Prim Nomal,1245.518000,616.562300,9999
Kruskal Normal,1596.459200,1061.855600,9999
Prim Geometric,1126.746300,697.820600,16671
Kruskal Geometric,1483.977100,1152.390000,16671
Prim Nomal,1416.116700,690.064500,9999
Kruskal Normal,1797.424900,1767.532900,9999
Prim Geometric,1212.826300,789.457800,14026
Kruskal Geometric,1597.346300,1747.667700,14026
Prim Nomal,1551.271600,708.820800,9999
Kruskal Normal,1927.209700,2077.946200,9999
Prim Geometric,1483.442300,848.078100,14058
Kruskal Geometric,1877.150700,1624.817700,14058
Prim Nomal,1524.495700,703.300200,9999
Kruskal Normal,1905.603500,1662.890300,9999
Prim Geometric,1603.714400,1258.754600,14036
Kruskal Geometric,2067.975600,2030.200000,14036
Prim Nomal,1656.705300,744.749300,9999
Kruskal Normal,2076.136400,1752.816100,9999
Prim Geometric,1415.100100,951.831400,14039
Kruskal Geometric,1987.424700,1904.573700,14039
Prim Nomal,1554.292900,768.249300,9999
Kruskal Normal,1951.030400,1722.957100,9999
Prim Geometric,1171.690300,776.256500,13962
Kruskal Geometric,1534.656000,1696.416200,13962
Prim Nomal,1390.712100,684.920600,9999
Kruskal Normal,1754.233000,1576.755200,9999
Prim Geometric,1198.485200,768.740500,14069
Kruskal Geometric,1561.138600,1628.509400,14069
Prim Nomal,1432.036400,728.661600,9999
Kruskal Normal,1796.972700,1635.245400,9999
Prim Geometric,1186.748800,766.111300,14081
Kruskal Geometric,1554.576700,1566.767800,14081
Prim Nomal,1460.837700,700.001200,9999
Kruskal Normal,1831.046400,1757.729100,9999
Prim Geometric,1261.400300,768.807600,14005
Kruskal Geometric,1637.797700,1548.652900,14005
Prim Nomal,1534.908100,762.401500,9999
Kruskal Normal,1907.492800,1745.717300,9999
Prim Geometric,1197.174200,787.546700,14055
Kruskal Geometric,1590.577300,1564.407400,14055
Prim Nomal,1435.410300,717.397100,9999
Kruskal Normal,1825.913700,1711.110800,9999
Prim Geometric,1210.452300,774.779400,14029
Kruskal Geometric,1581.456400,1530.815600,14029
Prim Nomal,1333.840600,540.289200,9999
Kruskal Normal,1664.974500,2144.142900,9999
Prim Geometric,1051.757000,622.455900,12756
Kruskal Geometric,1399.571400,2141.174400,12756
Prim Nomal,1371.374700,558.207200,9999
Kruskal Normal,1713.436600,2715.806500,9999
Prim Geometric,1337.976900,676.306900,12719
Kruskal Geometric,1703.258500,2240.974900,12719
Prim Nomal,1397.630100,539.275400,9999
Kruskal Normal,1727.867900,2208.066600,9999
Prim Geometric,1019.733400,626.235200,12831
Kruskal Geometric,1347.884800,2224.801900,12831
Prim Nomal,1398.966300,561.023700,9999
Kruskal Normal,1824.633600,2164.201500,9999
Prim Geometric,1033.468700,632.740700,12694
Kruskal Geometric,1380.603900,2334.948800,12694
Prim Nomal,1393.078400,563.278300,9999
Kruskal Normal,1734.739800,2239.287600,9999
Prim Geometric,1052.405600,650.795600,12668
Kruskal Geometric,1382.199600,2139.382700,12668
Prim Nomal,1457.850100,553.215500,9999
Kruskal Normal,1858.981300,2208.977800,9999
Prim Geometric,1018.413900,688.980800,12695
Kruskal Geometric,1353.954700,2282.945000,12695
Prim Nomal,1322.659600,542.072700,9999
Kruskal Normal,1657.301300,2525.616400,9999
Prim Geometric,1067.763900,658.536000,12768
Kruskal Geometric,1400.170300,2076.413000,12768
Prim Nomal,1389.622300,562.949600,9999
Kruskal Normal,1731.281600,2329.455400,9999
Prim Geometric,1049.265600,648.597300,12728
Kruskal Geometric,1396.864700,2227.521100,12728
Prim Nomal,1316.089100,539.211900,9999
Kruskal Normal,1645.945700,2530.788100,9999
Prim Geometric,1048.616700,611.104300,12733
Kruskal Geometric,1389.767400,2139.128400,12733
Prim Nomal,1500.273100,564.014100,9999
Kruskal Normal,1852.805700,2361.382100,9999
Prim Geometric,1097.953900,648.625300,12765
Kruskal Geometric,1436.967200,2107.979500,12765
Prim Nomal,1283.121300,434.837200,9999
Kruskal Normal,1553.007200,3233.499300,9999
Prim Geometric,961.515500,498.371700,12020
Kruskal Geometric,1230.240800,2655.462100,12020
Prim Nomal,1277.539200,390.138200,9999
Kruskal Normal,1554.075200,2898.912700,9999
Prim Geometric,1053.029200,498.649100,11985
Kruskal Geometric,1319.708500,2622.378100,11985
Prim Nomal,1351.497700,398.183300,9999
Kruskal Normal,1616.349900,2703.018600,9999
Prim Geometric,978.130600,472.200000,12014
Kruskal Geometric,1268.683000,2734.007100,12014
Prim Nomal,1302.219000,382.310700,9999
Kruskal Normal,1566.308500,2816.054400,9999
Prim Geometric,1002.973300,499.978300,12025
Kruskal Geometric,1287.108400,2677.439100,12025
Prim Nomal,1266.233500,397.598400,9999
Kruskal Normal,1528.947800,2769.245800,9999
Prim Geometric,1101.521300,467.391100,12038
Kruskal Geometric,1378.084100,3015.274000,12038
Prim Nomal,1277.092300,373.206600,9999
Kruskal Normal,1545.510500,2756.951000,9999
Prim Geometric,1561.781600,481.113000,11984
Kruskal Geometric,1853.839500,2683.438700,11984
Prim Nomal,1317.881500,373.047500,9999
Kruskal Normal,1588.283500,2859.324500,9999
Prim Geometric,1014.900300,456.810100,12052
Kruskal Geometric,1280.221000,2585.214800,12052
Prim Nomal,1261.176900,396.812300,9999
Kruskal Normal,1523.796000,2661.171700,9999
Prim Geometric,931.475800,459.095100,12014
Kruskal Geometric,1192.421900,2627.297700,12014
Prim Nomal,1264.488600,402.883800,9999
Kruskal Normal,1534.629200,3206.226600,9999
Prim Geometric,989.942900,510.668600,11989
Kruskal Geometric,1252.625500,2737.002800,11989
Prim Nomal,1327.763800,400.875700,9999
Kruskal Normal,1605.877400,3114.116200,9999
Prim Geometric,1474.908600,495.933900,11965
Kruskal Geometric,2256.260000,2852.007300,11965
