TipoGrafo,Vertices,DensidadePercentual,Repeticao,Algoritmo,TempoMilissegundos,PesoTotalMST
Normal,100,0,1,Kruskal,0.0403,5130.44
Normal,100,0,1,Prim,0.0095,5130.44
Normal,100,0,2,Kruskal,0.0093,4837.27
Normal,100,0,2,Prim,0.0085,4837.27
Normal,100,0,3,Kruskal,0.0085,5535.73
Normal,100,0,3,Prim,0.0081,5535.73
Normal,100,0,4,Kruskal,0.0083,5202.85
Normal,100,0,4,Prim,0.0077,5202.85
Normal,100,0,5,Kruskal,0.021,5063.2
Normal,100,0,5,Prim,0.0069,5063.2
Normal,100,0,6,Kruskal,0.008,5178.8
Normal,100,0,6,Prim,0.0081,5178.8
Normal,100,0,7,Kruskal,0.0077,5194
Normal,100,0,7,Prim,0.009,5194
Normal,100,0,8,Kruskal,0.0084,4672.75
Normal,100,0,8,Prim,0.0093,4672.75
Normal,100,0,9,Kruskal,0.0084,5322.05
Normal,100,0,9,Prim,0.0087,5322.05
Normal,100,0,10,Kruskal,0.0089,5290.01
Normal,100,0,10,Prim,0.0062,5290.01
Normal,100,20,1,Kruskal,0.059,604.298
Normal,100,20,1,Prim,0.0436,604.298
Normal,100,20,2,Kruskal,0.059,716.369
Normal,100,20,2,Prim,0.0404,716.369
Normal,100,20,3,Kruskal,0.0846,589.674
Normal,100,20,3,Prim,0.0372,589.674
Normal,100,20,4,Kruskal,0.0576,676.45
Normal,100,20,4,Prim,0.0404,676.45
Normal,100,20,5,Kruskal,0.0582,538.374
Normal,100,20,5,Prim,0.0606,538.374
Normal,100,20,6,Kruskal,0.0587,655.812
Normal,100,20,6,Prim,0.0388,655.812
Normal,100,20,7,Kruskal,0.0596,686.3
Normal,100,20,7,Prim,0.1193,686.3
Normal,100,20,8,Kruskal,0.0581,759.364
Normal,100,20,8,Prim,0.0498,759.364
Normal,100,20,9,Kruskal,0.0574,642.895
Normal,100,20,9,Prim,0.0386,642.895
Normal,100,20,10,Kruskal,0.0581,779.494
Normal,100,20,10,Prim,0.0501,779.494
Normal,100,40,1,Kruskal,0.1275,424.296
Normal,100,40,1,Prim,0.0586,424.296
Normal,100,40,2,Kruskal,0.1306,380.961
Normal,100,40,2,Prim,0.0811,380.961
Normal,100,40,3,Kruskal,0.1404,392.39
Normal,100,40,3,Prim,0.3298,392.39
Normal,100,40,4,Kruskal,0.115,389.109
Normal,100,40,4,Prim,1.2269,389.109
Normal,100,40,5,Kruskal,0.1194,412.594
Normal,100,40,5,Prim,0.0666,412.594
Normal,100,40,6,Kruskal,0.1123,369.865
Normal,100,40,6,Prim,0.0663,369.865
Normal,100,40,7,Kruskal,0.2627,397.87
Normal,100,40,7,Prim,0.0684,397.87
Normal,100,40,8,Kruskal,0.1136,421.189
Normal,100,40,8,Prim,0.0842,421.189
Normal,100,40,9,Kruskal,0.1876,349.658
Normal,100,40,9,Prim,0.0838,349.658
Normal,100,40,10,Kruskal,0.1162,380.581
Normal,100,40,10,Prim,0.0739,380.581
Normal,100,60,1,Kruskal,0.2056,272.812
Normal,100,60,1,Prim,0.0957,272.812
Normal,100,60,2,Kruskal,0.169,313.639
Normal,100,60,2,Prim,0.0738,313.639
Normal,100,60,3,Kruskal,0.1714,270.973
Normal,100,60,3,Prim,0.1157,270.973
Normal,100,60,4,Kruskal,0.2202,275.822
Normal,100,60,4,Prim,0.1213,275.822
Normal,100,60,5,Kruskal,0.2023,297.763
Normal,100,60,5,Prim,0.2605,297.763
Normal,100,60,6,Kruskal,0.1762,329.758
Normal,100,60,6,Prim,0.1887,329.758
Normal,100,60,7,Kruskal,0.1687,285.362
Normal,100,60,7,Prim,0.081,285.362
Normal,100,60,8,Kruskal,0.1741,320.516
Normal,100,60,8,Prim,0.072,320.516
Normal,100,60,9,Kruskal,0.1781,302.66
Normal,100,60,9,Prim,0.0834,302.66
Normal,100,60,10,Kruskal,0.1686,272.142
Normal,100,60,10,Prim,0.1233,272.142
Normal,100,80,1,Kruskal,0.2315,261.595
Normal,100,80,1,Prim,0.0808,261.595
Normal,100,80,2,Kruskal,0.227,212.144
Normal,100,80,2,Prim,0.1057,212.144
Normal,100,80,3,Kruskal,0.2707,266.484
Normal,100,80,3,Prim,0.0866,266.484
Normal,100,80,4,Kruskal,0.2283,244.012
Normal,100,80,4,Prim,0.0837,244.012
Normal,100,80,5,Kruskal,0.2434,239.746
Normal,100,80,5,Prim,0.0993,239.746
Normal,100,80,6,Kruskal,0.2654,237.105
Normal,100,80,6,Prim,0.0906,237.105
Normal,100,80,7,Kruskal,0.5848,220.763
Normal,100,80,7,Prim,0.0928,220.763
Normal,100,80,8,Kruskal,0.2772,227.034
Normal,100,80,8,Prim,0.1023,227.034
Normal,100,80,9,Kruskal,0.2446,269.153
Normal,100,80,9,Prim,0.1045,269.153
Normal,100,80,10,Kruskal,0.5137,228.654
Normal,100,80,10,Prim,0.0822,228.654
Normal,100,100,1,Kruskal,0.5262,220.007
Normal,100,100,1,Prim,0.1087,220.007
Normal,100,100,2,Kruskal,0.3187,214.957
Normal,100,100,2,Prim,0.1131,214.957
Normal,100,100,3,Kruskal,0.3218,209.823
Normal,100,100,3,Prim,0.1456,209.823
Normal,100,100,4,Kruskal,0.3207,210.047
Normal,100,100,4,Prim,0.1927,210.047
Normal,100,100,5,Kruskal,0.3287,212.498
Normal,100,100,5,Prim,0.0991,212.498
Normal,100,100,6,Kruskal,0.292,216.342
Normal,100,100,6,Prim,0.1621,216.342
Normal,100,100,7,Kruskal,21.6827,205.723
Normal,100,100,7,Prim,0.0897,205.723
Normal,100,100,8,Kruskal,0.3192,217.188
Normal,100,100,8,Prim,0.087,217.188
Normal,100,100,9,Kruskal,0.2964,212.9
Normal,100,100,9,Prim,0.1621,212.9
Normal,100,100,10,Kruskal,0.3168,209.145
Normal,100,100,10,Prim,0.1038,209.145
Normal,500,0,1,Kruskal,0.0414,24547.6
Normal,500,0,1,Prim,0.6938,24547.6
Normal,500,0,2,Kruskal,0.0461,25466.5
Normal,500,0,2,Prim,0.0374,25466.5
Normal,500,0,3,Kruskal,0.0388,25952.1
Normal,500,0,3,Prim,0.0381,25952.1
Normal,500,0,4,Kruskal,0.0354,24946.5
Normal,500,0,4,Prim,0.0302,24946.5
Normal,500,0,5,Kruskal,0.0397,24409.3
Normal,500,0,5,Prim,0.0335,24409.3
Normal,500,0,6,Kruskal,0.0399,24480.9
Normal,500,0,6,Prim,0.0314,24480.9
Normal,500,0,7,Kruskal,0.0382,24518.2
Normal,500,0,7,Prim,0.0195,24518.2
Normal,500,0,8,Kruskal,0.0402,24165.2
Normal,500,0,8,Prim,0.0457,24165.2
Normal,500,0,9,Kruskal,0.0358,24821.6
Normal,500,0,9,Prim,0.0406,24821.6
Normal,500,0,10,Kruskal,0.0408,24361.1
Normal,500,0,10,Prim,0.0757,24361.1
Normal,500,20,1,Kruskal,2.1669,1077.98
Normal,500,20,1,Prim,0.7112,1077.98
Normal,500,20,2,Kruskal,1.8156,1037.77
Normal,500,20,2,Prim,0.4916,1037.77
Normal,500,20,3,Kruskal,3.9877,1041.49
Normal,500,20,3,Prim,0.4791,1041.49
Normal,500,20,4,Kruskal,1.8599,1134.6
Normal,500,20,4,Prim,0.514,1134.6
Normal,500,20,5,Kruskal,4.9711,1089.6
Normal,500,20,5,Prim,0.4787,1089.6
Normal,500,20,6,Kruskal,1.8269,1109.42
Normal,500,20,6,Prim,0.4674,1109.42
Normal,500,20,7,Kruskal,4.7257,1044.39
Normal,500,20,7,Prim,0.4565,1044.39
Normal,500,20,8,Kruskal,1.943,1074.27
Normal,500,20,8,Prim,0.4864,1074.27
Normal,500,20,9,Kruskal,4.769,1107.59
Normal,500,20,9,Prim,0.4642,1107.59
Normal,500,20,10,Kruskal,2.1605,1099.52
Normal,500,20,10,Prim,0.4759,1099.52
Normal,500,40,1,Kruskal,6.1562,776.947
Normal,500,40,1,Prim,1.0136,776.947
Normal,500,40,2,Kruskal,3.944,810.746
Normal,500,40,2,Prim,2.4063,810.746
Normal,500,40,3,Kruskal,3.9747,786.383
Normal,500,40,3,Prim,1.2137,786.383
Normal,500,40,4,Kruskal,4.3913,794.343
Normal,500,40,4,Prim,0.7619,794.343
Normal,500,40,5,Kruskal,3.8761,792.662
Normal,500,40,5,Prim,0.8007,792.662
Normal,500,40,6,Kruskal,4.1171,804.25
Normal,500,40,6,Prim,2.143,804.25
Normal,500,40,7,Kruskal,3.9832,818.879
Normal,500,40,7,Prim,0.7953,818.879
Normal,500,40,8,Kruskal,4.2509,797.201
Normal,500,40,8,Prim,0.7421,797.201
Normal,500,40,9,Kruskal,3.8969,801.574
Normal,500,40,9,Prim,0.8453,801.574
Normal,500,40,10,Kruskal,4.2812,779.625
Normal,500,40,10,Prim,0.7492,779.625
Normal,500,60,1,Kruskal,6.071,702.529
Normal,500,60,1,Prim,1.2022,702.529
Normal,500,60,2,Kruskal,7.2655,711.659
Normal,500,60,2,Prim,1.1769,711.659
Normal,500,60,3,Kruskal,6.302,702.549
Normal,500,60,3,Prim,1.76,702.549
Normal,500,60,4,Kruskal,7.5968,681.474
Normal,500,60,4,Prim,1.1512,681.474
Normal,500,60,5,Kruskal,8.0295,689.852
Normal,500,60,5,Prim,1.1723,689.852
Normal,500,60,6,Kruskal,6.7741,707.584
Normal,500,60,6,Prim,1.2875,707.584
Normal,500,60,7,Kruskal,7.7844,704.974
Normal,500,60,7,Prim,0.9739,704.974
Normal,500,60,8,Kruskal,7.0812,713.817
Normal,500,60,8,Prim,1.4808,713.817
Normal,500,60,9,Kruskal,7.1624,686.311
Normal,500,60,9,Prim,1.2904,686.311
Normal,500,60,10,Kruskal,10.6018,687.495
Normal,500,60,10,Prim,1.0101,687.495
Normal,500,80,1,Kruskal,9.9903,657.597
Normal,500,80,1,Prim,1.7513,657.597
Normal,500,80,2,Kruskal,9.4811,638.061
Normal,500,80,2,Prim,1.2028,638.061
Normal,500,80,3,Kruskal,9.316,655.12
Normal,500,80,3,Prim,1.2351,655.12
Normal,500,80,4,Kruskal,8.7441,648.815
Normal,500,80,4,Prim,1.2662,648.815
Normal,500,80,5,Kruskal,14.9264,648.309
Normal,500,80,5,Prim,1.2415,648.309
Normal,500,80,6,Kruskal,8.3888,655.36
Normal,500,80,6,Prim,1.2362,655.36
Normal,500,80,7,Kruskal,10.183,638.729
Normal,500,80,7,Prim,1.2404,638.729
Normal,500,80,8,Kruskal,7.9458,650.494
Normal,500,80,8,Prim,1.2468,650.494
Normal,500,80,9,Kruskal,10.2116,635.358
Normal,500,80,9,Prim,1.5561,635.358
Normal,500,80,10,Kruskal,13.9145,647.496
Normal,500,80,10,Prim,1.6354,647.496
Normal,500,100,1,Kruskal,12.5652,630.31
Normal,500,100,1,Prim,30.7153,630.31
Normal,500,100,2,Kruskal,13.858,618.771
Normal,500,100,2,Prim,1.5144,618.771
Normal,500,100,3,Kruskal,17.2288,621.096
Normal,500,100,3,Prim,2.578,621.096
Normal,500,100,4,Kruskal,12.2284,609.299
Normal,500,100,4,Prim,1.4267,609.299
Normal,500,100,5,Kruskal,10.5416,617.497
Normal,500,100,5,Prim,2.9822,617.497
Normal,500,100,6,Kruskal,11.5286,626.78
Normal,500,100,6,Prim,1.5993,626.78
Normal,500,100,7,Kruskal,11.7661,621.98
Normal,500,100,7,Prim,1.7809,621.98
Normal,500,100,8,Kruskal,10.4168,610.637
Normal,500,100,8,Prim,1.5918,610.637
Normal,500,100,9,Kruskal,11.6301,612.481
Normal,500,100,9,Prim,1.4482,612.481
Normal,500,100,10,Kruskal,11.3894,607.383
Normal,500,100,10,Prim,1.553,607.383
Normal,1000,0,1,Kruskal,0.0819,50541.2
Normal,1000,0,1,Prim,0.0467,50541.2
Normal,1000,0,2,Kruskal,0.0799,49502.9
Normal,1000,0,2,Prim,0.0583,49502.9
Normal,1000,0,3,Kruskal,0.0814,50705.9
Normal,1000,0,3,Prim,0.1114,50705.9
Normal,1000,0,4,Kruskal,0.0909,50242.2
Normal,1000,0,4,Prim,0.0491,50242.2
Normal,1000,0,5,Kruskal,0.0805,48947
Normal,1000,0,5,Prim,0.1766,48947
Normal,1000,0,6,Kruskal,0.0727,50183
Normal,1000,0,6,Prim,0.0758,50183
Normal,1000,0,7,Kruskal,0.0838,51167.1
Normal,1000,0,7,Prim,0.0479,51167.1
Normal,1000,0,8,Kruskal,0.0855,50557.1
Normal,1000,0,8,Prim,0.0462,50557.1
Normal,1000,0,9,Kruskal,0.0852,50839.9
Normal,1000,0,9,Prim,0.0563,50839.9
Normal,1000,0,10,Kruskal,0.0855,52075.3
Normal,1000,0,10,Prim,0.0551,52075.3
Normal,1000,20,1,Kruskal,9.6172,1600.45
Normal,1000,20,1,Prim,3.1768,1600.45
Normal,1000,20,2,Kruskal,10.7975,1609.36
Normal,1000,20,2,Prim,2.085,1609.36
Normal,1000,20,3,Kruskal,8.8614,1590.81
Normal,1000,20,3,Prim,3.6363,1590.81
Normal,1000,20,4,Kruskal,11.5605,1611.36
Normal,1000,20,4,Prim,1.6765,1611.36
Normal,1000,20,5,Kruskal,11.7302,1583.87
Normal,1000,20,5,Prim,1.5574,1583.87
Normal,1000,20,6,Kruskal,8.8421,1578.74
Normal,1000,20,6,Prim,1.7345,1578.74
Normal,1000,20,7,Kruskal,12.3441,1571.8
Normal,1000,20,7,Prim,1.4847,1571.8
Normal,1000,20,8,Kruskal,11.5548,1640.91
Normal,1000,20,8,Prim,1.6045,1640.91
Normal,1000,20,9,Kruskal,10.3791,1594.81
Normal,1000,20,9,Prim,2.0943,1594.81
Normal,1000,20,10,Kruskal,10.725,1608.59
Normal,1000,20,10,Prim,1.6345,1608.59
Normal,1000,40,1,Kruskal,18.6941,1306.45
Normal,1000,40,1,Prim,2.8111,1306.45
Normal,1000,40,2,Kruskal,19.0774,1278.19
Normal,1000,40,2,Prim,2.4944,1278.19
Normal,1000,40,3,Kruskal,17.405,1298.93
Normal,1000,40,3,Prim,2.5568,1298.93
Normal,1000,40,4,Kruskal,19.6391,1290.82
Normal,1000,40,4,Prim,5.5658,1290.82
Normal,1000,40,5,Kruskal,18.0446,1295.81
Normal,1000,40,5,Prim,2.5103,1295.81
Normal,1000,40,6,Kruskal,17.5642,1297.93
Normal,1000,40,6,Prim,2.5026,1297.93
Normal,1000,40,7,Kruskal,17.2362,1303.72
Normal,1000,40,7,Prim,3.1679,1303.72
Normal,1000,40,8,Kruskal,18.0275,1285.32
Normal,1000,40,8,Prim,2.534,1285.32
Normal,1000,40,9,Kruskal,17.9505,1294.29
Normal,1000,40,9,Prim,2.716,1294.29
Normal,1000,40,10,Kruskal,20.4178,1303.43
Normal,1000,40,10,Prim,5.0825,1303.43
Normal,1000,60,1,Kruskal,28.4929,1196.32
Normal,1000,60,1,Prim,3.6768,1196.32
Normal,1000,60,2,Kruskal,30.7194,1218.83
Normal,1000,60,2,Prim,4.0565,1218.83
Normal,1000,60,3,Kruskal,26.3308,1197.12
Normal,1000,60,3,Prim,3.8581,1197.12
Normal,1000,60,4,Kruskal,28.1384,1192.89
Normal,1000,60,4,Prim,3.426,1192.89
Normal,1000,60,5,Kruskal,29.0521,1201.24
Normal,1000,60,5,Prim,3.5591,1201.24
Normal,1000,60,6,Kruskal,29.0201,1187.26
Normal,1000,60,6,Prim,3.6506,1187.26
Normal,1000,60,7,Kruskal,27.3319,1201.08
Normal,1000,60,7,Prim,3.6485,1201.08
Normal,1000,60,8,Kruskal,27.1891,1201.34
Normal,1000,60,8,Prim,3.695,1201.34
Normal,1000,60,9,Kruskal,29.7799,1198.36
Normal,1000,60,9,Prim,3.4345,1198.36
Normal,1000,60,10,Kruskal,27.1488,1201.31
Normal,1000,60,10,Prim,3.4428,1201.31
Normal,1000,80,1,Kruskal,37.4206,1142.58
Normal,1000,80,1,Prim,4.5505,1142.58
Normal,1000,80,2,Kruskal,36.4842,1146.45
Normal,1000,80,2,Prim,5.0597,1146.45
Normal,1000,80,3,Kruskal,40.4904,1146.82
Normal,1000,80,3,Prim,4.431,1146.82
Normal,1000,80,4,Kruskal,38.5916,1143.45
Normal,1000,80,4,Prim,5.8897,1143.45
Normal,1000,80,5,Kruskal,37.2133,1151.07
Normal,1000,80,5,Prim,5.4782,1151.07
Normal,1000,80,6,Kruskal,37.4854,1145.28
Normal,1000,80,6,Prim,4.4383,1145.28
Normal,1000,80,7,Kruskal,36.8191,1153.01
Normal,1000,80,7,Prim,4.8029,1153.01
Normal,1000,80,8,Kruskal,36.1976,1152.31
Normal,1000,80,8,Prim,4.6079,1152.31
Normal,1000,80,9,Kruskal,36.468,1143.16
Normal,1000,80,9,Prim,4.4293,1143.16
Normal,1000,80,10,Kruskal,36.9301,1151.74
Normal,1000,80,10,Prim,4.5575,1151.74
Normal,1000,100,1,Kruskal,47.1667,1118.5
Normal,1000,100,1,Prim,5.8723,1118.5
Normal,1000,100,2,Kruskal,47.7303,1117.19
Normal,1000,100,2,Prim,6.6649,1117.19
Normal,1000,100,3,Kruskal,46.5057,1123.55
Normal,1000,100,3,Prim,5.1242,1123.55
Normal,1000,100,4,Kruskal,46.9152,1124.35
Normal,1000,100,4,Prim,5.8819,1124.35
Normal,1000,100,5,Kruskal,49.4266,1115.63
Normal,1000,100,5,Prim,6.0513,1115.63
Normal,1000,100,6,Kruskal,49.3045,1115.99
Normal,1000,100,6,Prim,5.819,1115.99
Normal,1000,100,7,Kruskal,45.8397,1117.8
Normal,1000,100,7,Prim,5.1373,1117.8
Normal,1000,100,8,Kruskal,45.9504,1114.53
Normal,1000,100,8,Prim,5.7791,1114.53
Normal,1000,100,9,Kruskal,46.9892,1119.19
Normal,1000,100,9,Prim,5.5534,1119.19
Normal,1000,100,10,Kruskal,49.4881,1116.31
Normal,1000,100,10,Prim,6.6065,1116.31
Normal,2500,0,1,Kruskal,0.2329,126112
Normal,2500,0,1,Prim,0.1663,126112
Normal,2500,0,2,Kruskal,0.2214,127483
Normal,2500,0,2,Prim,0.1822,127483
Normal,2500,0,3,Kruskal,0.1951,127189
Normal,2500,0,3,Prim,0.1115,127189
Normal,2500,0,4,Kruskal,0.1998,127157
Normal,2500,0,4,Prim,0.395,127157
Normal,2500,0,5,Kruskal,0.1873,127747
Normal,2500,0,5,Prim,1.0911,127747
Normal,2500,0,6,Kruskal,0.2032,126852
Normal,2500,0,6,Prim,0.1094,126852
Normal,2500,0,7,Kruskal,0.1887,125064
Normal,2500,0,7,Prim,0.1057,125064
Normal,2500,0,8,Kruskal,0.2275,127644
Normal,2500,0,8,Prim,0.0835,127644
Normal,2500,0,9,Kruskal,0.3278,125266
Normal,2500,0,9,Prim,0.1689,125266
Normal,2500,0,10,Kruskal,0.2393,125063
Normal,2500,0,10,Prim,0.1918,125063
Normal,2500,20,1,Kruskal,59.4377,3079.98
Normal,2500,20,1,Prim,7.4353,3079.98
Normal,2500,20,2,Kruskal,57.4925,3076.89
Normal,2500,20,2,Prim,7.5363,3076.89
Normal,2500,20,3,Kruskal,57.8068,3095.7
Normal,2500,20,3,Prim,7.6127,3095.7
Normal,2500,20,4,Kruskal,58.1181,3115.29
Normal,2500,20,4,Prim,7.6663,3115.29
Normal,2500,20,5,Kruskal,58.6234,3092.07
Normal,2500,20,5,Prim,7.4996,3092.07
Normal,2500,20,6,Kruskal,58.1607,3086.7
Normal,2500,20,6,Prim,7.5005,3086.7
Normal,2500,20,7,Kruskal,57.847,3074.54
Normal,2500,20,7,Prim,7.5512,3074.54
Normal,2500,20,8,Kruskal,57.4811,3093.5
Normal,2500,20,8,Prim,8.5748,3093.5
Normal,2500,20,9,Kruskal,58.4766,3099.29
Normal,2500,20,9,Prim,7.792,3099.29
Normal,2500,20,10,Kruskal,64.0149,3082.65
Normal,2500,20,10,Prim,8.6224,3082.65
Normal,2500,40,1,Kruskal,130.066,2802.51
Normal,2500,40,1,Prim,13.3273,2802.51
Normal,2500,40,2,Kruskal,121.563,2785.77
Normal,2500,40,2,Prim,13.3167,2785.77
Normal,2500,40,3,Kruskal,126.532,2793.16
Normal,2500,40,3,Prim,14.5517,2793.16
Normal,2500,40,4,Kruskal,121.211,2788.37
Normal,2500,40,4,Prim,13.1972,2788.37
Normal,2500,40,5,Kruskal,127.08,2796.6
Normal,2500,40,5,Prim,13.6229,2796.6
Normal,2500,40,6,Kruskal,121.456,2804.11
Normal,2500,40,6,Prim,13.1562,2804.11
Normal,2500,40,7,Kruskal,174.908,2793.04
Normal,2500,40,7,Prim,13.6222,2793.04
Normal,2500,40,8,Kruskal,130.335,2797.45
Normal,2500,40,8,Prim,14.0997,2797.45
Normal,2500,40,9,Kruskal,123.893,2798.06
Normal,2500,40,9,Prim,13.5195,2798.06
Normal,2500,40,10,Kruskal,125.667,2804.28
Normal,2500,40,10,Prim,13.2563,2804.28
Normal,2500,60,1,Kruskal,191.989,2698.91
Normal,2500,60,1,Prim,19.3113,2698.91
Normal,2500,60,2,Kruskal,192.925,2702.14
Normal,2500,60,2,Prim,21.9254,2702.14
Normal,2500,60,3,Kruskal,188.329,2707.67
Normal,2500,60,3,Prim,18.7533,2707.67
Normal,2500,60,4,Kruskal,188.86,2700.01
Normal,2500,60,4,Prim,19.3286,2700.01
Normal,2500,60,5,Kruskal,191.913,2702.71
Normal,2500,60,5,Prim,23.0595,2702.71
Normal,2500,60,6,Kruskal,192.819,2693.25
Normal,2500,60,6,Prim,19.3576,2693.25
Normal,2500,60,7,Kruskal,190.223,2693.41
Normal,2500,60,7,Prim,19.4525,2693.41
Normal,2500,60,8,Kruskal,197.806,2701.23
Normal,2500,60,8,Prim,19.4557,2701.23
Normal,2500,60,9,Kruskal,198.603,2697.04
Normal,2500,60,9,Prim,18.9824,2697.04
Normal,2500,60,10,Kruskal,188.743,2701.28
Normal,2500,60,10,Prim,19.4697,2701.28
Normal,2500,80,1,Kruskal,254.159,2645.85
Normal,2500,80,1,Prim,27.3843,2645.85
Normal,2500,80,2,Kruskal,255.819,2649.93
Normal,2500,80,2,Prim,25.5306,2649.93
Normal,2500,80,3,Kruskal,258.451,2649.21
Normal,2500,80,3,Prim,24.8925,2649.21
Normal,2500,80,4,Kruskal,254.876,2647.96
Normal,2500,80,4,Prim,24.4021,2647.96
Normal,2500,80,5,Kruskal,254.393,2647.38
Normal,2500,80,5,Prim,24.9654,2647.38
Normal,2500,80,6,Kruskal,261.779,2643.14
Normal,2500,80,6,Prim,24.742,2643.14
Normal,2500,80,7,Kruskal,260.074,2643.97
Normal,2500,80,7,Prim,24.6716,2643.97
Normal,2500,80,8,Kruskal,259.357,2640.86
Normal,2500,80,8,Prim,24.6247,2640.86
Normal,2500,80,9,Kruskal,257.933,2650.31
Normal,2500,80,9,Prim,24.4119,2650.31
Normal,2500,80,10,Kruskal,256.229,2649.41
Normal,2500,80,10,Prim,24.5371,2649.41
Normal,2500,100,1,Kruskal,328.28,2618.35
Normal,2500,100,1,Prim,29.8463,2618.35
Normal,2500,100,2,Kruskal,326.83,2617.17
Normal,2500,100,2,Prim,30.2115,2617.17
Normal,2500,100,3,Kruskal,325.286,2618.02
Normal,2500,100,3,Prim,32.0252,2618.02
Normal,2500,100,4,Kruskal,327.435,2620.27
Normal,2500,100,4,Prim,29.9375,2620.27
Normal,2500,100,5,Kruskal,360.862,2615.89
Normal,2500,100,5,Prim,30.78,2615.89
Normal,2500,100,6,Kruskal,327.54,2623
Normal,2500,100,6,Prim,30.4199,2623
Normal,2500,100,7,Kruskal,328.987,2622.59
Normal,2500,100,7,Prim,30.5736,2622.59
Normal,2500,100,8,Kruskal,339.582,2617.21
Normal,2500,100,8,Prim,30.6874,2617.21
Normal,2500,100,9,Kruskal,326.067,2616.73
Normal,2500,100,9,Prim,30.2075,2616.73
Normal,2500,100,10,Kruskal,323.441,2622.24
Normal,2500,100,10,Prim,30.0569,2622.24
Normal,5000,0,1,Kruskal,0.5402,254749
Normal,5000,0,1,Prim,0.273,254749
Normal,5000,0,2,Kruskal,0.4014,254467
Normal,5000,0,2,Prim,0.2302,254467
Normal,5000,0,3,Kruskal,0.4055,250232
Normal,5000,0,3,Prim,0.2333,250232
Normal,5000,0,4,Kruskal,0.4364,252117
Normal,5000,0,4,Prim,0.1712,252117
Normal,5000,0,5,Kruskal,0.4022,255415
Normal,5000,0,5,Prim,0.9461,255415
Normal,5000,0,6,Kruskal,0.4373,251933
Normal,5000,0,6,Prim,0.3033,251933
Normal,5000,0,7,Kruskal,0.4465,253781
Normal,5000,0,7,Prim,0.2149,253781
Normal,5000,0,8,Kruskal,0.4082,256982
Normal,5000,0,8,Prim,0.1886,256982
Normal,5000,0,9,Kruskal,0.4318,248867
Normal,5000,0,9,Prim,0.1822,248867
Normal,5000,0,10,Kruskal,0.4341,252279
Normal,5000,0,10,Prim,0.2354,252279
Normal,5000,20,1,Kruskal,257.101,5589.11
Normal,5000,20,1,Prim,27.2836,5589.11
Normal,5000,20,2,Kruskal,258.724,5607.94
Normal,5000,20,2,Prim,26.8772,5607.94
Normal,5000,20,3,Kruskal,260.347,5594.4
Normal,5000,20,3,Prim,27.9623,5594.4
Normal,5000,20,4,Kruskal,268.423,5579.72
Normal,5000,20,4,Prim,27.0372,5579.72
Normal,5000,20,5,Kruskal,261.298,5599.59
Normal,5000,20,5,Prim,26.8549,5599.59
Normal,5000,20,6,Kruskal,255.899,5604.44
Normal,5000,20,6,Prim,27.1522,5604.44
Normal,5000,20,7,Kruskal,261.86,5589.01
Normal,5000,20,7,Prim,27.5484,5589.01
Normal,5000,20,8,Kruskal,262.967,5612.41
Normal,5000,20,8,Prim,27.7509,5612.41
Normal,5000,20,9,Kruskal,258.097,5581.36
Normal,5000,20,9,Prim,27.5945,5581.36
Normal,5000,20,10,Kruskal,263.601,5596.21
Normal,5000,20,10,Prim,26.8152,5596.21
Normal,5000,40,1,Kruskal,536.123,5295.07
Normal,5000,40,1,Prim,50.3396,5295.07
Normal,5000,40,2,Kruskal,537.989,5291.23
Normal,5000,40,2,Prim,49.8526,5291.23
Normal,5000,40,3,Kruskal,565.892,5297.21
Normal,5000,40,3,Prim,50.165,5297.21
Normal,5000,40,4,Kruskal,732.268,5295.79
Normal,5000,40,4,Prim,50.2104,5295.79
Normal,5000,40,5,Kruskal,542.311,5301.22
Normal,5000,40,5,Prim,50.8339,5301.22
Normal,5000,40,6,Kruskal,538.943,5286.71
Normal,5000,40,6,Prim,50.6397,5286.71
Normal,5000,40,7,Kruskal,542.97,5297.73
Normal,5000,40,7,Prim,50.1099,5297.73
Normal,5000,40,8,Kruskal,538.37,5298.82
Normal,5000,40,8,Prim,53.1599,5298.82
Normal,5000,40,9,Kruskal,548.159,5304.02
Normal,5000,40,9,Prim,50.534,5304.02
Normal,5000,40,10,Kruskal,569.893,5295.81
Normal,5000,40,10,Prim,51.4463,5295.81
Normal,5000,60,1,Kruskal,829.312,5196
Normal,5000,60,1,Prim,72.2644,5196
Normal,5000,60,2,Kruskal,840.614,5198.82
Normal,5000,60,2,Prim,73.9112,5198.82
Normal,5000,60,3,Kruskal,849.999,5196.33
Normal,5000,60,3,Prim,74.5186,5196.33
Normal,5000,60,4,Kruskal,836.079,5198.66
Normal,5000,60,4,Prim,75.03,5198.66
Normal,5000,60,5,Kruskal,836.854,5200.05
Normal,5000,60,5,Prim,79.6735,5200.05
Normal,5000,60,6,Kruskal,961.897,5196
Normal,5000,60,6,Prim,73.8567,5196
Normal,5000,60,7,Kruskal,829.567,5194.23
Normal,5000,60,7,Prim,71.692,5194.23
Normal,5000,60,8,Kruskal,833.927,5203.06
Normal,5000,60,8,Prim,74.5216,5203.06
Normal,5000,60,9,Kruskal,853.992,5198.51
Normal,5000,60,9,Prim,74.3213,5198.51
Normal,5000,60,10,Kruskal,839.272,5200.19
Normal,5000,60,10,Prim,73.5732,5200.19
Normal,5000,80,1,Kruskal,1124.86,5147.59
Normal,5000,80,1,Prim,96.2129,5147.59
Normal,5000,80,2,Kruskal,1131.24,5145.45
Normal,5000,80,2,Prim,94.4979,5145.45
Normal,5000,80,3,Kruskal,1131.56,5146.23
Normal,5000,80,3,Prim,94.4495,5146.23
Normal,5000,80,4,Kruskal,1135.08,5145.12
Normal,5000,80,4,Prim,94.6067,5145.12
Normal,5000,80,5,Kruskal,1263.41,5149.28
Normal,5000,80,5,Prim,94.5745,5149.28
Normal,5000,80,6,Kruskal,1154.39,5149.95
Normal,5000,80,6,Prim,97.6454,5149.95
Normal,5000,80,7,Kruskal,1149.13,5149.41
Normal,5000,80,7,Prim,96.7379,5149.41
Normal,5000,80,8,Kruskal,1284.94,5148.04
Normal,5000,80,8,Prim,148.837,5148.04
Normal,5000,80,9,Kruskal,1150.06,5145.94
Normal,5000,80,9,Prim,94.7285,5145.94
Normal,5000,80,10,Kruskal,1126.72,5148.93
Normal,5000,80,10,Prim,94.0566,5148.93
Normal,5000,100,1,Kruskal,1479.46,5116.96
Normal,5000,100,1,Prim,116.981,5116.96
Normal,5000,100,2,Kruskal,1480.85,5118.15
Normal,5000,100,2,Prim,118.183,5118.15
Normal,5000,100,3,Kruskal,1433.32,5119.14
Normal,5000,100,3,Prim,116.227,5119.14
Normal,5000,100,4,Kruskal,1416.84,5118.01
Normal,5000,100,4,Prim,116.109,5118.01
Normal,5000,100,5,Kruskal,1436.35,5116.69
Normal,5000,100,5,Prim,116.579,5116.69
Normal,5000,100,6,Kruskal,1427.98,5119.07
Normal,5000,100,6,Prim,118.198,5119.07
Normal,5000,100,7,Kruskal,1428.67,5116.58
Normal,5000,100,7,Prim,116.111,5116.58
Normal,5000,100,8,Kruskal,1494.44,5119.32
Normal,5000,100,8,Prim,116.022,5119.32
Normal,5000,100,9,Kruskal,1441.11,5120.81
Normal,5000,100,9,Prim,116.384,5120.81
Normal,5000,100,10,Kruskal,1425.7,5120.06
Normal,5000,100,10,Prim,117.244,5120.06
Normal,7500,0,1,Kruskal,0.6993,379958
Normal,7500,0,1,Prim,0.3551,379958
Normal,7500,0,2,Kruskal,0.6515,381063
Normal,7500,0,2,Prim,0.3436,381063
Normal,7500,0,3,Kruskal,0.8348,377825
Normal,7500,0,3,Prim,0.7155,377825
Normal,7500,0,4,Kruskal,0.7882,373873
Normal,7500,0,4,Prim,0.4519,373873
Normal,7500,0,5,Kruskal,0.663,378044
Normal,7500,0,5,Prim,0.4075,378044
Normal,7500,0,6,Kruskal,0.6946,378062
Normal,7500,0,6,Prim,0.3787,378062
Normal,7500,0,7,Kruskal,0.6417,382397
Normal,7500,0,7,Prim,0.7455,382397
Normal,7500,0,8,Kruskal,0.6974,382088
Normal,7500,0,8,Prim,0.433,382088
Normal,7500,0,9,Kruskal,0.7187,379199
Normal,7500,0,9,Prim,0.3876,379199
Normal,7500,0,10,Kruskal,0.6516,376886
Normal,7500,0,10,Prim,0.3255,376886
Normal,7500,20,1,Kruskal,611.896,8094.38
Normal,7500,20,1,Prim,58.4476,8094.38
Normal,7500,20,2,Kruskal,607.42,8091.08
Normal,7500,20,2,Prim,59.7569,8091.08
Normal,7500,20,3,Kruskal,610.637,8103.33
Normal,7500,20,3,Prim,59.1349,8103.33
Normal,7500,20,4,Kruskal,609.973,8092.1
Normal,7500,20,4,Prim,58.3313,8092.1
Normal,7500,20,5,Kruskal,609.62,8094.22
Normal,7500,20,5,Prim,59.2497,8094.22
Normal,7500,20,6,Kruskal,618.373,8080.33
Normal,7500,20,6,Prim,59.0735,8080.33
Normal,7500,20,7,Kruskal,610.602,8111.16
Normal,7500,20,7,Prim,61.1723,8111.16
Normal,7500,20,8,Kruskal,614.203,8094.6
Normal,7500,20,8,Prim,59.6199,8094.6
Normal,7500,20,9,Kruskal,612.755,8089.68
Normal,7500,20,9,Prim,58.6285,8089.68
Normal,7500,20,10,Kruskal,605.484,8094.96
Normal,7500,20,10,Prim,59.2859,8094.96
Normal,7500,40,1,Kruskal,1279.8,7795.86
Normal,7500,40,1,Prim,108.906,7795.86
Normal,7500,40,2,Kruskal,1271.01,7798.24
Normal,7500,40,2,Prim,108.941,7798.24
Normal,7500,40,3,Kruskal,1266.12,7796.49
Normal,7500,40,3,Prim,111.253,7796.49
Normal,7500,40,4,Kruskal,1274.49,7794.61
Normal,7500,40,4,Prim,108.592,7794.61
Normal,7500,40,5,Kruskal,1351.07,7800.09
Normal,7500,40,5,Prim,110.641,7800.09
Normal,7500,40,6,Kruskal,1285.72,7796.29
Normal,7500,40,6,Prim,110.67,7796.29
Normal,7500,40,7,Kruskal,1283.74,7797.93
Normal,7500,40,7,Prim,111.793,7797.93
Normal,7500,40,8,Kruskal,1278.74,7797.07
Normal,7500,40,8,Prim,108.993,7797.07
Normal,7500,40,9,Kruskal,1282.61,7794.38
Normal,7500,40,9,Prim,109.023,7794.38
Normal,7500,40,10,Kruskal,1277.39,7800.16
Normal,7500,40,10,Prim,111.327,7800.16
Normal,7500,60,1,Kruskal,2030.97,7702.2
Normal,7500,60,1,Prim,159.015,7702.2
Normal,7500,60,2,Kruskal,1961.49,7698.16
Normal,7500,60,2,Prim,159.281,7698.16
Normal,7500,60,3,Kruskal,1962.11,7702.54
Normal,7500,60,3,Prim,159.424,7702.54
Normal,7500,60,4,Kruskal,1966.48,7697.22
Normal,7500,60,4,Prim,160.369,7697.22
Normal,7500,60,5,Kruskal,2041.64,7697.74
Normal,7500,60,5,Prim,159.793,7697.74
Normal,7500,60,6,Kruskal,1966.83,7693.8
Normal,7500,60,6,Prim,159.942,7693.8
Normal,7500,60,7,Kruskal,1957.24,7695.22
Normal,7500,60,7,Prim,160.261,7695.22
Normal,7500,60,8,Kruskal,1962.58,7695.25
Normal,7500,60,8,Prim,159.042,7695.25
Normal,7500,60,9,Kruskal,2034.16,7696.35
Normal,7500,60,9,Prim,159.695,7696.35
Normal,7500,60,10,Kruskal,1954.12,7696.42
Normal,7500,60,10,Prim,161.188,7696.42
Normal,7500,80,1,Kruskal,2653.68,7647.94
Normal,7500,80,1,Prim,209.905,7647.94
Normal,7500,80,2,Kruskal,2655.74,7644.33
Normal,7500,80,2,Prim,210.702,7644.33
Normal,7500,80,3,Kruskal,2673.56,7645.3
Normal,7500,80,3,Prim,214.415,7645.3
Normal,7500,80,4,Kruskal,2661.5,7649.89
Normal,7500,80,4,Prim,208.336,7649.89
Normal,7500,80,5,Kruskal,2677.33,7647.85
Normal,7500,80,5,Prim,209.839,7647.85
Normal,7500,80,6,Kruskal,2693.71,7648.65
Normal,7500,80,6,Prim,210.157,7648.65
Normal,7500,80,7,Kruskal,2676.16,7648.87
Normal,7500,80,7,Prim,210.141,7648.87
Normal,7500,80,8,Kruskal,2671.43,7645.49
Normal,7500,80,8,Prim,210.752,7645.49
Normal,7500,80,9,Kruskal,2772.46,7650.45
Normal,7500,80,9,Prim,209.197,7650.45
Normal,7500,80,10,Kruskal,2639.69,7646.6
Normal,7500,80,10,Prim,208.572,7646.6
Normal,7500,100,1,Kruskal,3388.24,7618.41
Normal,7500,100,1,Prim,262.173,7618.41
Normal,7500,100,2,Kruskal,3386.72,7619.8
Normal,7500,100,2,Prim,258.808,7619.8
Normal,7500,100,3,Kruskal,3378.9,7613.25
Normal,7500,100,3,Prim,261.572,7613.25
Normal,7500,100,4,Kruskal,3443.3,7615.63
Normal,7500,100,4,Prim,259.65,7615.63
Normal,7500,100,5,Kruskal,3353.73,7619.75
Normal,7500,100,5,Prim,258.597,7619.75
Normal,7500,100,6,Kruskal,3354.3,7618.82
Normal,7500,100,6,Prim,259.64,7618.82
Normal,7500,100,7,Kruskal,3397.34,7619.34
Normal,7500,100,7,Prim,259.691,7619.34
Normal,7500,100,8,Kruskal,3368.33,7619.69
Normal,7500,100,8,Prim,261.278,7619.69
Normal,7500,100,9,Kruskal,3433.94,7617.17
Normal,7500,100,9,Prim,258.935,7617.17
Normal,7500,100,10,Kruskal,3469.45,7618.72
Normal,7500,100,10,Prim,263.046,7618.72
Normal,10000,0,1,Kruskal,1.0189,499517
Normal,10000,0,1,Prim,0.6134,499517
Normal,10000,0,2,Kruskal,0.977,507693
Normal,10000,0,2,Prim,0.7815,507693
Normal,10000,0,3,Kruskal,2.4931,510466
Normal,10000,0,3,Prim,0.7759,510466
Normal,10000,0,4,Kruskal,0.8786,510048
Normal,10000,0,4,Prim,0.5108,510048
Normal,10000,0,5,Kruskal,1.1813,503570
Normal,10000,0,5,Prim,0.6594,503570
Normal,10000,0,6,Kruskal,0.9406,504751
Normal,10000,0,6,Prim,0.5356,504751
Normal,10000,0,7,Kruskal,0.8801,501500
Normal,10000,0,7,Prim,0.4804,501500
Normal,10000,0,8,Kruskal,0.8744,503936
Normal,10000,0,8,Prim,0.4974,503936
Normal,10000,0,9,Kruskal,1.0329,504897
Normal,10000,0,9,Prim,0.541,504897
Normal,10000,0,10,Kruskal,1.0797,505893
Normal,10000,0,10,Prim,0.4942,505893
Normal,10000,20,1,Kruskal,1137.58,10585
Normal,10000,20,1,Prim,104.812,10585
Normal,10000,20,2,Kruskal,1126.76,10588.8
Normal,10000,20,2,Prim,104.654,10588.8
Normal,10000,20,3,Kruskal,1126.1,10584.9
Normal,10000,20,3,Prim,104.138,10584.9
Normal,10000,20,4,Kruskal,1124.49,10590.7
Normal,10000,20,4,Prim,103.658,10590.7
Normal,10000,20,5,Kruskal,1128.3,10591.2
Normal,10000,20,5,Prim,104.546,10591.2
Normal,10000,20,6,Kruskal,1123.24,10597.7
Normal,10000,20,6,Prim,104.971,10597.7
Normal,10000,20,7,Kruskal,1127.76,10594.8
Normal,10000,20,7,Prim,104.749,10594.8
Normal,10000,20,8,Kruskal,1654.62,10597.8
Normal,10000,20,8,Prim,126.368,10597.8
Normal,10000,20,9,Kruskal,1984.41,10589
Normal,10000,20,9,Prim,105.758,10589
Normal,10000,20,10,Kruskal,1267.14,10596.3
Normal,10000,20,10,Prim,107.749,10596.3
Normal,10000,40,1,Kruskal,3427.04,10298.7
Normal,10000,40,1,Prim,271.318,10298.7
Normal,10000,40,2,Kruskal,3338.56,10290.8
Normal,10000,40,2,Prim,223.613,10290.8
Normal,10000,40,3,Kruskal,2594.01,10300.9
Normal,10000,40,3,Prim,210.221,10300.9
Normal,10000,40,4,Kruskal,2593.09,10296.5
Normal,10000,40,4,Prim,222.359,10296.5
Normal,10000,40,5,Kruskal,2597.91,10292.8
Normal,10000,40,5,Prim,211.32,10292.8
Normal,10000,40,6,Kruskal,2586.15,10290.5
Normal,10000,40,6,Prim,208.715,10290.5
Normal,10000,40,7,Kruskal,2628.19,10298.3
Normal,10000,40,7,Prim,211.882,10298.3
Normal,10000,40,8,Kruskal,2591.6,10296.4
Normal,10000,40,8,Prim,212.745,10296.4
Normal,10000,40,9,Kruskal,2557.13,10294.5
Normal,10000,40,9,Prim,206.688,10294.5
Normal,10000,40,10,Kruskal,2584.02,10298
Normal,10000,40,10,Prim,211.647,10298
Normal,10000,60,1,Kruskal,4110.89,10199.6
Normal,10000,60,1,Prim,320.828,10199.6
Normal,10000,60,2,Kruskal,4078.36,10196.2
Normal,10000,60,2,Prim,309.772,10196.2
Normal,10000,60,3,Kruskal,3959.43,10194.7
Normal,10000,60,3,Prim,319.127,10194.7
Normal,10000,60,4,Kruskal,3949.4,10202.3
Normal,10000,60,4,Prim,314.181,10202.3
Normal,10000,60,5,Kruskal,3965.24,10197.1
Normal,10000,60,5,Prim,321.514,10197.1
Normal,10000,60,6,Kruskal,3967.6,10198.5
Normal,10000,60,6,Prim,310.343,10198.5
Normal,10000,60,7,Kruskal,3990.72,10198.4
Normal,10000,60,7,Prim,301.265,10198.4
Normal,10000,60,8,Kruskal,3963.52,10195.8
Normal,10000,60,8,Prim,310.745,10195.8
Normal,10000,60,9,Kruskal,3953,10196.2
Normal,10000,60,9,Prim,301.987,10196.2
Normal,10000,60,10,Kruskal,4095.6,10197.3
Normal,10000,60,10,Prim,316.182,10197.3
Normal,10000,80,1,Kruskal,5484.55,10145.4
Normal,10000,80,1,Prim,418.554,10145.4
Normal,10000,80,2,Kruskal,5304.91,10146.3
Normal,10000,80,2,Prim,410.473,10146.3
Normal,10000,80,3,Kruskal,5363.65,10147.3
Normal,10000,80,3,Prim,414.666,10147.3
Normal,10000,80,4,Kruskal,5446.99,10150.7
Normal,10000,80,4,Prim,401.638,10150.7
Normal,10000,80,5,Kruskal,5426.1,10148.5
Normal,10000,80,5,Prim,400.111,10148.5
Normal,10000,80,6,Kruskal,5566.95,10149.8
Normal,10000,80,6,Prim,418.1,10149.8
Normal,10000,80,7,Kruskal,5399.36,10150
Normal,10000,80,7,Prim,398.744,10150
Normal,10000,80,8,Kruskal,5561.9,10147.2
Normal,10000,80,8,Prim,410.693,10147.2
Normal,10000,80,9,Kruskal,5328.38,10147.8
Normal,10000,80,9,Prim,406.006,10147.8
Normal,10000,80,10,Kruskal,5474.57,10147.9
Normal,10000,80,10,Prim,418.902,10147.9
Normal,10000,100,1,Kruskal,6863.59,10118.3
Normal,10000,100,1,Prim,499.826,10118.3
Normal,10000,100,2,Kruskal,6862.36,10117.4
Normal,10000,100,2,Prim,509.965,10117.4
Normal,10000,100,3,Kruskal,6978.06,10118.1
Normal,10000,100,3,Prim,499.888,10118.1
Normal,10000,100,4,Kruskal,6855.71,10116.8
Normal,10000,100,4,Prim,592.03,10116.8
Normal,10000,100,5,Kruskal,6746.08,10117.6
Normal,10000,100,5,Prim,518.984,10117.6
Normal,10000,100,6,Kruskal,6846.28,10120.5
Normal,10000,100,6,Prim,513.518,10120.5
Normal,10000,100,7,Kruskal,7534.17,10117.9
Normal,10000,100,7,Prim,512.929,10117.9
Normal,10000,100,8,Kruskal,7094.22,10118.9
Normal,10000,100,8,Prim,522.91,10118.9
Normal,10000,100,9,Kruskal,6969.19,10117.2
Normal,10000,100,9,Prim,511.694,10117.2
Normal,10000,100,10,Kruskal,6826.33,10117.5
Normal,10000,100,10,Prim,493.357,10117.5
Geometrico,100,0,1,Kruskal,0.0111,12400
Geometrico,100,0,1,Prim,0.0128,12400
Geometrico,100,0,2,Kruskal,0.0078,12186.7
Geometrico,100,0,2,Prim,0.0092,12186.7
Geometrico,100,0,3,Kruskal,0.0653,13342.6
Geometrico,100,0,3,Prim,0.0082,13342.6
Geometrico,100,0,4,Kruskal,0.0081,12121.9
Geometrico,100,0,4,Prim,0.0096,12121.9
Geometrico,100,0,5,Kruskal,0.0084,13550.7
Geometrico,100,0,5,Prim,0.0097,13550.7
Geometrico,100,0,6,Kruskal,0.0082,13565.1
Geometrico,100,0,6,Prim,0.009,13565.1
Geometrico,100,0,7,Kruskal,0.0088,14359.4
Geometrico,100,0,7,Prim,0.013,14359.4
Geometrico,100,0,8,Kruskal,0.0086,12404.9
Geometrico,100,0,8,Prim,0.0181,12404.9
Geometrico,100,0,9,Kruskal,0.0108,12254.6
Geometrico,100,0,9,Prim,0.0084,12254.6
Geometrico,100,0,10,Kruskal,0.0078,12068.1
Geometrico,100,0,10,Prim,0.0077,12068.1
Geometrico,100,20,1,Kruskal,0.0631,3682.87
Geometrico,100,20,1,Prim,0.0799,3682.87
Geometrico,100,20,2,Kruskal,0.0677,3287.1
Geometrico,100,20,2,Prim,0.0418,3287.1
Geometrico,100,20,3,Kruskal,0.0821,3475.74
Geometrico,100,20,3,Prim,0.0465,3475.74
Geometrico,100,20,4,Kruskal,0.0919,4029.06
Geometrico,100,20,4,Prim,0.046,4029.06
Geometrico,100,20,5,Kruskal,0.0733,3702.96
Geometrico,100,20,5,Prim,0.0422,3702.96
Geometrico,100,20,6,Kruskal,0.0837,3731.57
Geometrico,100,20,6,Prim,0.0484,3731.57
Geometrico,100,20,7,Kruskal,0.0859,3444.72
Geometrico,100,20,7,Prim,0.0426,3444.72
Geometrico,100,20,8,Kruskal,0.0838,4050.6
Geometrico,100,20,8,Prim,0.0459,4050.6
Geometrico,100,20,9,Kruskal,0.0576,3668.2
Geometrico,100,20,9,Prim,0.0505,3668.2
Geometrico,100,20,10,Kruskal,0.0614,3910.09
Geometrico,100,20,10,Prim,0.0485,3910.09
Geometrico,100,40,1,Kruskal,0.1122,2692.14
Geometrico,100,40,1,Prim,0.0727,2692.14
Geometrico,100,40,2,Kruskal,0.1129,2916.15
Geometrico,100,40,2,Prim,0.0543,2916.15
Geometrico,100,40,3,Kruskal,0.1315,2926.11
Geometrico,100,40,3,Prim,0.058,2926.11
Geometrico,100,40,4,Kruskal,0.1617,2702.27
Geometrico,100,40,4,Prim,0.3957,2702.27
Geometrico,100,40,5,Kruskal,0.124,2545.31
Geometrico,100,40,5,Prim,0.0578,2545.31
Geometrico,100,40,6,Kruskal,0.1134,2791.13
Geometrico,100,40,6,Prim,0.0748,2791.13
Geometrico,100,40,7,Kruskal,0.1102,2618.79
Geometrico,100,40,7,Prim,0.0573,2618.79
Geometrico,100,40,8,Kruskal,0.1141,2585.35
Geometrico,100,40,8,Prim,0.0579,2585.35
Geometrico,100,40,9,Kruskal,0.1146,2860.25
Geometrico,100,40,9,Prim,0.0576,2860.25
Geometrico,100,40,10,Kruskal,0.1135,2656.11
Geometrico,100,40,10,Prim,0.0885,2656.11
Geometrico,100,60,1,Kruskal,0.17,2374.22
Geometrico,100,60,1,Prim,0.0708,2374.22
Geometrico,100,60,2,Kruskal,0.1971,2205.71
Geometrico,100,60,2,Prim,0.0739,2205.71
Geometrico,100,60,3,Kruskal,0.1709,2408.15
Geometrico,100,60,3,Prim,0.0727,2408.15
Geometrico,100,60,4,Kruskal,0.2131,2287.17
Geometrico,100,60,4,Prim,0.0781,2287.17
Geometrico,100,60,5,Kruskal,0.1977,2536.18
Geometrico,100,60,5,Prim,0.0654,2536.18
Geometrico,100,60,6,Kruskal,0.1687,2305.57
Geometrico,100,60,6,Prim,0.1239,2305.57
Geometrico,100,60,7,Kruskal,0.1744,2564.73
Geometrico,100,60,7,Prim,0.0795,2564.73
Geometrico,100,60,8,Kruskal,0.1857,2366.4
Geometrico,100,60,8,Prim,0.08,2366.4
Geometrico,100,60,9,Kruskal,0.1702,2291.7
Geometrico,100,60,9,Prim,0.1252,2291.7
Geometrico,100,60,10,Kruskal,0.3895,2378.08
Geometrico,100,60,10,Prim,0.0926,2378.08
Geometrico,100,80,1,Kruskal,0.2697,2291.96
Geometrico,100,80,1,Prim,0.4506,2291.96
Geometrico,100,80,2,Kruskal,0.2337,2188.25
Geometrico,100,80,2,Prim,0.0816,2188.25
Geometrico,100,80,3,Kruskal,0.2322,2243.5
Geometrico,100,80,3,Prim,0.1091,2243.5
Geometrico,100,80,4,Kruskal,0.235,2131.02
Geometrico,100,80,4,Prim,0.0922,2131.02
Geometrico,100,80,5,Kruskal,0.2395,2272.47
Geometrico,100,80,5,Prim,0.0866,2272.47
Geometrico,100,80,6,Kruskal,0.2329,2368.18
Geometrico,100,80,6,Prim,0.1291,2368.18
Geometrico,100,80,7,Kruskal,0.2368,2195.95
Geometrico,100,80,7,Prim,0.0891,2195.95
Geometrico,100,80,8,Kruskal,0.2339,2200.4
Geometrico,100,80,8,Prim,0.1549,2200.4
Geometrico,100,80,9,Kruskal,0.2465,2198.07
Geometrico,100,80,9,Prim,0.0877,2198.07
Geometrico,100,80,10,Kruskal,0.2302,2240.82
Geometrico,100,80,10,Prim,0.0814,2240.82
Geometrico,100,100,1,Kruskal,0.295,2114.63
Geometrico,100,100,1,Prim,0.1148,2114.63
Geometrico,100,100,2,Kruskal,0.2938,2140.24
Geometrico,100,100,2,Prim,0.131,2140.24
Geometrico,100,100,3,Kruskal,0.291,2115.01
Geometrico,100,100,3,Prim,0.1085,2115.01
Geometrico,100,100,4,Kruskal,0.3232,2034.91
Geometrico,100,100,4,Prim,0.2103,2034.91
Geometrico,100,100,5,Kruskal,0.3677,2078
Geometrico,100,100,5,Prim,0.1106,2078
Geometrico,100,100,6,Kruskal,0.2981,2063.42
Geometrico,100,100,6,Prim,0.1244,2063.42
Geometrico,100,100,7,Kruskal,0.2903,2008.92
Geometrico,100,100,7,Prim,0.1002,2008.92
Geometrico,100,100,8,Kruskal,0.3201,2145.25
Geometrico,100,100,8,Prim,0.1239,2145.25
Geometrico,100,100,9,Kruskal,0.2902,2025.18
Geometrico,100,100,9,Prim,0.1126,2025.18
Geometrico,100,100,10,Kruskal,0.2923,2133.17
Geometrico,100,100,10,Prim,0.2449,2133.17
Geometrico,500,0,1,Kruskal,0.0369,69014.9
Geometrico,500,0,1,Prim,0.0257,69014.9
Geometrico,500,0,2,Kruskal,0.0675,65393.1
Geometrico,500,0,2,Prim,0.026,65393.1
Geometrico,500,0,3,Kruskal,0.0374,68490
Geometrico,500,0,3,Prim,0.0167,68490
Geometrico,500,0,4,Kruskal,0.0373,67701.1
Geometrico,500,0,4,Prim,0.0295,67701.1
Geometrico,500,0,5,Kruskal,0.036,70173
Geometrico,500,0,5,Prim,0.015,70173
Geometrico,500,0,6,Kruskal,0.0374,67338
Geometrico,500,0,6,Prim,0.0202,67338
Geometrico,500,0,7,Kruskal,0.0368,65322.5
Geometrico,500,0,7,Prim,0.031,65322.5
Geometrico,500,0,8,Kruskal,0.0382,66779.1
Geometrico,500,0,8,Prim,0.0383,66779.1
Geometrico,500,0,9,Kruskal,0.0966,67477.8
Geometrico,500,0,9,Prim,0.0279,67477.8
Geometrico,500,0,10,Kruskal,0.1214,66560.4
Geometrico,500,0,10,Prim,0.2148,66560.4
Geometrico,500,20,1,Kruskal,2.4109,7995.5
Geometrico,500,20,1,Prim,0.7957,7995.5
Geometrico,500,20,2,Kruskal,1.8046,8128.82
Geometrico,500,20,2,Prim,0.8499,8128.82
Geometrico,500,20,3,Kruskal,1.7935,8216.38
Geometrico,500,20,3,Prim,0.6831,8216.38
Geometrico,500,20,4,Kruskal,1.848,7784.59
Geometrico,500,20,4,Prim,0.5862,7784.59
Geometrico,500,20,5,Kruskal,2.7785,8320.73
Geometrico,500,20,5,Prim,0.5607,8320.73
Geometrico,500,20,6,Kruskal,1.9164,8465.6
Geometrico,500,20,6,Prim,0.5379,8465.6
Geometrico,500,20,7,Kruskal,2.4419,7893.25
Geometrico,500,20,7,Prim,0.4706,7893.25
Geometrico,500,20,8,Kruskal,1.7966,8300.26
Geometrico,500,20,8,Prim,0.5854,8300.26
Geometrico,500,20,9,Kruskal,1.8464,8502.09
Geometrico,500,20,9,Prim,0.4897,8502.09
Geometrico,500,20,10,Kruskal,1.9962,8140.54
Geometrico,500,20,10,Prim,0.6369,8140.54
Geometrico,500,40,1,Kruskal,6.1725,5897.23
Geometrico,500,40,1,Prim,0.9659,5897.23
Geometrico,500,40,2,Kruskal,3.8135,6023.09
Geometrico,500,40,2,Prim,0.9739,6023.09
Geometrico,500,40,3,Kruskal,3.939,6115.78
Geometrico,500,40,3,Prim,0.8633,6115.78
Geometrico,500,40,4,Kruskal,4.0151,6100.92
Geometrico,500,40,4,Prim,1.0563,6100.92
Geometrico,500,40,5,Kruskal,3.8303,6306.79
Geometrico,500,40,5,Prim,4.2971,6306.79
Geometrico,500,40,6,Kruskal,3.6093,6141.87
Geometrico,500,40,6,Prim,1.0153,6141.87
Geometrico,500,40,7,Kruskal,5.006,6445.83
Geometrico,500,40,7,Prim,1.0055,6445.83
Geometrico,500,40,8,Kruskal,3.7227,6222.42
Geometrico,500,40,8,Prim,0.8724,6222.42
Geometrico,500,40,9,Kruskal,4.1211,6039.77
Geometrico,500,40,9,Prim,0.8738,6039.77
Geometrico,500,40,10,Kruskal,3.7174,6182.99
Geometrico,500,40,10,Prim,0.9158,6182.99
Geometrico,500,60,1,Kruskal,5.7361,5502.13
Geometrico,500,60,1,Prim,1.1177,5502.13
Geometrico,500,60,2,Kruskal,5.5642,5081.77
Geometrico,500,60,2,Prim,2.666,5081.77
Geometrico,500,60,3,Kruskal,6.1047,5174.2
Geometrico,500,60,3,Prim,1.1768,5174.2
Geometrico,500,60,4,Kruskal,5.6289,5359.1
Geometrico,500,60,4,Prim,1.1759,5359.1
Geometrico,500,60,5,Kruskal,5.8489,5181.14
Geometrico,500,60,5,Prim,1.1716,5181.14
Geometrico,500,60,6,Kruskal,7.2464,5180.63
Geometrico,500,60,6,Prim,1.148,5180.63
Geometrico,500,60,7,Kruskal,6.8875,5492.73
Geometrico,500,60,7,Prim,1.1339,5492.73
Geometrico,500,60,8,Kruskal,10.4795,5378.9
Geometrico,500,60,8,Prim,1.0681,5378.9
Geometrico,500,60,9,Kruskal,11.6383,5293.95
Geometrico,500,60,9,Prim,1.2644,5293.95
Geometrico,500,60,10,Kruskal,17.2583,5179.91
Geometrico,500,60,10,Prim,1.4159,5179.91
Geometrico,500,80,1,Kruskal,11.6172,5050.93
Geometrico,500,80,1,Prim,1.3567,5050.93
Geometrico,500,80,2,Kruskal,8.7887,4851.33
Geometrico,500,80,2,Prim,1.5428,4851.33
Geometrico,500,80,3,Kruskal,10.1966,4833.87
Geometrico,500,80,3,Prim,1.521,4833.87
Geometrico,500,80,4,Kruskal,8.5071,4829.33
Geometrico,500,80,4,Prim,1.3497,4829.33
Geometrico,500,80,5,Kruskal,11.2357,4848.44
Geometrico,500,80,5,Prim,1.4526,4848.44
Geometrico,500,80,6,Kruskal,7.8266,4785.31
Geometrico,500,80,6,Prim,1.4832,4785.31
Geometrico,500,80,7,Kruskal,11.5583,5020.18
Geometrico,500,80,7,Prim,1.4223,5020.18
Geometrico,500,80,8,Kruskal,7.8563,4947.11
Geometrico,500,80,8,Prim,1.5677,4947.11
Geometrico,500,80,9,Kruskal,7.9167,4934.82
Geometrico,500,80,9,Prim,1.5331,4934.82
Geometrico,500,80,10,Kruskal,7.7551,4778.98
Geometrico,500,80,10,Prim,1.5025,4778.98
Geometrico,500,100,1,Kruskal,11.0914,4500.89
Geometrico,500,100,1,Prim,1.6548,4500.89
Geometrico,500,100,2,Kruskal,10.3491,4676.14
Geometrico,500,100,2,Prim,1.5315,4676.14
Geometrico,500,100,3,Kruskal,11.9662,4620.36
Geometrico,500,100,3,Prim,1.7814,4620.36
Geometrico,500,100,4,Kruskal,9.9127,4549.56
Geometrico,500,100,4,Prim,2.0818,4549.56
Geometrico,500,100,5,Kruskal,9.9807,4684.1
Geometrico,500,100,5,Prim,2.2073,4684.1
Geometrico,500,100,6,Kruskal,13.4207,4631.28
Geometrico,500,100,6,Prim,2.1249,4631.28
Geometrico,500,100,7,Kruskal,9.9638,4601.66
Geometrico,500,100,7,Prim,2.0596,4601.66
Geometrico,500,100,8,Kruskal,10.1647,4561.85
Geometrico,500,100,8,Prim,2.4884,4561.85
Geometrico,500,100,9,Kruskal,13.388,4528.21
Geometrico,500,100,9,Prim,1.9873,4528.21
Geometrico,500,100,10,Kruskal,9.7628,4485.26
Geometrico,500,100,10,Prim,1.7317,4485.26
Geometrico,1000,0,1,Kruskal,0.085,130472
Geometrico,1000,0,1,Prim,0.109,130472
Geometrico,1000,0,2,Kruskal,0.0747,133208
Geometrico,1000,0,2,Prim,0.0456,133208
Geometrico,1000,0,3,Kruskal,0.071,131105
Geometrico,1000,0,3,Prim,0.0533,131105
Geometrico,1000,0,4,Kruskal,0.0731,135247
Geometrico,1000,0,4,Prim,0.0437,135247
Geometrico,1000,0,5,Kruskal,0.0734,134392
Geometrico,1000,0,5,Prim,0.0335,134392
Geometrico,1000,0,6,Kruskal,0.1084,135685
Geometrico,1000,0,6,Prim,0.0564,135685
Geometrico,1000,0,7,Kruskal,0.0732,131532
Geometrico,1000,0,7,Prim,0.0464,131532
Geometrico,1000,0,8,Kruskal,0.0732,131493
Geometrico,1000,0,8,Prim,0.0517,131493
Geometrico,1000,0,9,Kruskal,0.0736,134976
Geometrico,1000,0,9,Prim,0.0519,134976
Geometrico,1000,0,10,Kruskal,0.0738,132317
Geometrico,1000,0,10,Prim,0.0365,132317
Geometrico,1000,20,1,Kruskal,13.5816,11030.1
Geometrico,1000,20,1,Prim,2.0722,11030.1
Geometrico,1000,20,2,Kruskal,8.1118,11027.9
Geometrico,1000,20,2,Prim,2.4722,11027.9
Geometrico,1000,20,3,Kruskal,8.1162,11435.1
Geometrico,1000,20,3,Prim,2.0112,11435.1
Geometrico,1000,20,4,Kruskal,11.2235,11426.7
Geometrico,1000,20,4,Prim,1.7985,11426.7
Geometrico,1000,20,5,Kruskal,7.9348,11356.4
Geometrico,1000,20,5,Prim,1.9082,11356.4
Geometrico,1000,20,6,Kruskal,12.7615,11388
Geometrico,1000,20,6,Prim,1.8297,11388
Geometrico,1000,20,7,Kruskal,8.3911,11566
Geometrico,1000,20,7,Prim,1.8213,11566
Geometrico,1000,20,8,Kruskal,8.1599,11326.6
Geometrico,1000,20,8,Prim,1.7508,11326.6
Geometrico,1000,20,9,Kruskal,15.1388,11439.7
Geometrico,1000,20,9,Prim,1.82,11439.7
Geometrico,1000,20,10,Kruskal,7.6635,11131.1
Geometrico,1000,20,10,Prim,1.8093,11131.1
Geometrico,1000,40,1,Kruskal,16.3132,8595.64
Geometrico,1000,40,1,Prim,3.6293,8595.64
Geometrico,1000,40,2,Kruskal,16.4441,8692.71
Geometrico,1000,40,2,Prim,5.8857,8692.71
Geometrico,1000,40,3,Kruskal,15.4916,8860.38
Geometrico,1000,40,3,Prim,6.2122,8860.38
Geometrico,1000,40,4,Kruskal,15.5801,8624.93
Geometrico,1000,40,4,Prim,6.6228,8624.93
Geometrico,1000,40,5,Kruskal,18.5524,8515.56
Geometrico,1000,40,5,Prim,3.3895,8515.56
Geometrico,1000,40,6,Kruskal,20.3094,8401.43
Geometrico,1000,40,6,Prim,3.4241,8401.43
Geometrico,1000,40,7,Kruskal,24.5648,8674.71
Geometrico,1000,40,7,Prim,3.4266,8674.71
Geometrico,1000,40,8,Kruskal,17.1809,8438.6
Geometrico,1000,40,8,Prim,2.8713,8438.6
Geometrico,1000,40,9,Kruskal,20.4901,8647.65
Geometrico,1000,40,9,Prim,3.2642,8647.65
Geometrico,1000,40,10,Kruskal,16.7924,8451.5
Geometrico,1000,40,10,Prim,2.8237,8451.5
Geometrico,1000,60,1,Kruskal,25.7479,7278.15
Geometrico,1000,60,1,Prim,4.7917,7278.15
Geometrico,1000,60,2,Kruskal,28.7194,7562.21
Geometrico,1000,60,2,Prim,4.1143,7562.21
Geometrico,1000,60,3,Kruskal,26.2588,7476.27
Geometrico,1000,60,3,Prim,4.5277,7476.27
Geometrico,1000,60,4,Kruskal,26.4644,7357.93
Geometrico,1000,60,4,Prim,4.4031,7357.93
Geometrico,1000,60,5,Kruskal,25.4459,7517.62
Geometrico,1000,60,5,Prim,4.4579,7517.62
Geometrico,1000,60,6,Kruskal,31.0671,7466.27
Geometrico,1000,60,6,Prim,5.1121,7466.27
Geometrico,1000,60,7,Kruskal,25.6144,7442.12
Geometrico,1000,60,7,Prim,4.7129,7442.12
Geometrico,1000,60,8,Kruskal,25.5372,7336.2
Geometrico,1000,60,8,Prim,4.3113,7336.2
Geometrico,1000,60,9,Kruskal,29.5332,7715.38
Geometrico,1000,60,9,Prim,5.0736,7715.38
Geometrico,1000,60,10,Kruskal,29.0298,7336.85
Geometrico,1000,60,10,Prim,4.5128,7336.85
Geometrico,1000,80,1,Kruskal,33.0566,6948.94
Geometrico,1000,80,1,Prim,5.5301,6948.94
Geometrico,1000,80,2,Kruskal,35.2838,6894.85
Geometrico,1000,80,2,Prim,5.6926,6894.85
Geometrico,1000,80,3,Kruskal,31.2863,6719.27
Geometrico,1000,80,3,Prim,5.1503,6719.27
Geometrico,1000,80,4,Kruskal,33.6524,6833.32
Geometrico,1000,80,4,Prim,5.4226,6833.32
Geometrico,1000,80,5,Kruskal,34.3535,6725.5
Geometrico,1000,80,5,Prim,5.442,6725.5
Geometrico,1000,80,6,Kruskal,31.9054,6830.96
Geometrico,1000,80,6,Prim,5.4346,6830.96
Geometrico,1000,80,7,Kruskal,37.4932,6920.42
Geometrico,1000,80,7,Prim,5.4988,6920.42
Geometrico,1000,80,8,Kruskal,32.5615,6819.1
Geometrico,1000,80,8,Prim,8.9932,6819.1
Geometrico,1000,80,9,Kruskal,37.2077,6721.72
Geometrico,1000,80,9,Prim,6.1678,6721.72
Geometrico,1000,80,10,Kruskal,34.0973,6890.74
Geometrico,1000,80,10,Prim,8.11,6890.74
Geometrico,1000,100,1,Kruskal,43.0819,6302.54
Geometrico,1000,100,1,Prim,6.7772,6302.54
Geometrico,1000,100,2,Kruskal,40.1062,6491.48
Geometrico,1000,100,2,Prim,9.3072,6491.48
Geometrico,1000,100,3,Kruskal,41.1302,6472.26
Geometrico,1000,100,3,Prim,6.2622,6472.26
Geometrico,1000,100,4,Kruskal,48.7854,6316.87
Geometrico,1000,100,4,Prim,6.3418,6316.87
Geometrico,1000,100,5,Kruskal,41.3751,6391.72
Geometrico,1000,100,5,Prim,6.478,6391.72
Geometrico,1000,100,6,Kruskal,41.5434,6444.99
Geometrico,1000,100,6,Prim,10.0975,6444.99
Geometrico,1000,100,7,Kruskal,41.5565,6374.82
Geometrico,1000,100,7,Prim,6.479,6374.82
Geometrico,1000,100,8,Kruskal,42.2828,6465.64
Geometrico,1000,100,8,Prim,6.5034,6465.64
Geometrico,1000,100,9,Kruskal,41.5043,6579.27
Geometrico,1000,100,9,Prim,7.2852,6579.27
Geometrico,1000,100,10,Kruskal,39.8537,6477.55
Geometrico,1000,100,10,Prim,6.2041,6477.55
Geometrico,2500,0,1,Kruskal,0.3398,336850
Geometrico,2500,0,1,Prim,0.2127,336850
Geometrico,2500,0,2,Kruskal,0.2031,337771
Geometrico,2500,0,2,Prim,0.1363,337771
Geometrico,2500,0,3,Kruskal,0.218,335217
Geometrico,2500,0,3,Prim,0.0782,335217
Geometrico,2500,0,4,Kruskal,3.3295,336713
Geometrico,2500,0,4,Prim,0.1879,336713
Geometrico,2500,0,5,Kruskal,0.1889,327599
Geometrico,2500,0,5,Prim,0.1104,327599
Geometrico,2500,0,6,Kruskal,0.192,339357
Geometrico,2500,0,6,Prim,0.0754,339357
Geometrico,2500,0,7,Kruskal,0.2733,336473
Geometrico,2500,0,7,Prim,0.1069,336473
Geometrico,2500,0,8,Kruskal,0.2079,333658
Geometrico,2500,0,8,Prim,0.0872,333658
Geometrico,2500,0,9,Kruskal,0.1854,333792
Geometrico,2500,0,9,Prim,0.112,333792
Geometrico,2500,0,10,Kruskal,0.2089,331590
Geometrico,2500,0,10,Prim,0.1263,331590
Geometrico,2500,20,1,Kruskal,53.5414,17945.5
Geometrico,2500,20,1,Prim,9.6531,17945.5
Geometrico,2500,20,2,Kruskal,49.2102,17720.2
Geometrico,2500,20,2,Prim,12.8284,17720.2
Geometrico,2500,20,3,Kruskal,51.7281,17686.2
Geometrico,2500,20,3,Prim,8.9885,17686.2
Geometrico,2500,20,4,Kruskal,52.1261,17894.8
Geometrico,2500,20,4,Prim,10.2825,17894.8
Geometrico,2500,20,5,Kruskal,51.1726,17479.9
Geometrico,2500,20,5,Prim,14.1367,17479.9
Geometrico,2500,20,6,Kruskal,51.9339,17826.8
Geometrico,2500,20,6,Prim,10.7767,17826.8
Geometrico,2500,20,7,Kruskal,62.3236,17795.3
Geometrico,2500,20,7,Prim,10.4269,17795.3
Geometrico,2500,20,8,Kruskal,51.0246,17835.7
Geometrico,2500,20,8,Prim,11.0421,17835.7
Geometrico,2500,20,9,Kruskal,54.1637,17605.2
Geometrico,2500,20,9,Prim,10.545,17605.2
Geometrico,2500,20,10,Kruskal,52.6906,17538.7
Geometrico,2500,20,10,Prim,18.8885,17538.7
Geometrico,2500,40,1,Kruskal,104.912,13483.4
Geometrico,2500,40,1,Prim,19.7372,13483.4
Geometrico,2500,40,2,Kruskal,105.449,13486.3
Geometrico,2500,40,2,Prim,16.7497,13486.3
Geometrico,2500,40,3,Kruskal,102.689,13399.3
Geometrico,2500,40,3,Prim,15.9651,13399.3
Geometrico,2500,40,4,Kruskal,114.327,13466.2
Geometrico,2500,40,4,Prim,17.1966,13466.2
Geometrico,2500,40,5,Kruskal,109.154,13420.6
Geometrico,2500,40,5,Prim,19.8684,13420.6
Geometrico,2500,40,6,Kruskal,106.15,13326.4
Geometrico,2500,40,6,Prim,17.2605,13326.4
Geometrico,2500,40,7,Kruskal,106.86,13146.1
Geometrico,2500,40,7,Prim,17.1164,13146.1
Geometrico,2500,40,8,Kruskal,110.4,13595.4
Geometrico,2500,40,8,Prim,19.8274,13595.4
Geometrico,2500,40,9,Kruskal,107.613,13521.8
Geometrico,2500,40,9,Prim,17.8548,13521.8
Geometrico,2500,40,10,Kruskal,110.158,13674.6
Geometrico,2500,40,10,Prim,17.32,13674.6
Geometrico,2500,60,1,Kruskal,167.577,11617
Geometrico,2500,60,1,Prim,23.9028,11617
Geometrico,2500,60,2,Kruskal,162.213,11540.3
Geometrico,2500,60,2,Prim,28.6346,11540.3
Geometrico,2500,60,3,Kruskal,159.92,11532.1
Geometrico,2500,60,3,Prim,24.4036,11532.1
Geometrico,2500,60,4,Kruskal,164.166,11569.2
Geometrico,2500,60,4,Prim,23.3613,11569.2
Geometrico,2500,60,5,Kruskal,161.669,11769.3
Geometrico,2500,60,5,Prim,23.5144,11769.3
Geometrico,2500,60,6,Kruskal,167.636,11676.9
Geometrico,2500,60,6,Prim,26.1419,11676.9
Geometrico,2500,60,7,Kruskal,152.83,11639.4
Geometrico,2500,60,7,Prim,26.9953,11639.4
Geometrico,2500,60,8,Kruskal,160.515,11534.3
Geometrico,2500,60,8,Prim,22.4251,11534.3
Geometrico,2500,60,9,Kruskal,165.085,11740.1
Geometrico,2500,60,9,Prim,26.1843,11740.1
Geometrico,2500,60,10,Kruskal,154.709,11604.2
Geometrico,2500,60,10,Prim,28.3977,11604.2
Geometrico,2500,80,1,Kruskal,215.559,10620.2
Geometrico,2500,80,1,Prim,31.9505,10620.2
Geometrico,2500,80,2,Kruskal,210.73,10657.1
Geometrico,2500,80,2,Prim,30.089,10657.1
Geometrico,2500,80,3,Kruskal,211.091,10713.3
Geometrico,2500,80,3,Prim,34.0631,10713.3
Geometrico,2500,80,4,Kruskal,218.717,10727.8
Geometrico,2500,80,4,Prim,32.4199,10727.8
Geometrico,2500,80,5,Kruskal,216.598,10649.8
Geometrico,2500,80,5,Prim,33.6269,10649.8
Geometrico,2500,80,6,Kruskal,213.018,10718.4
Geometrico,2500,80,6,Prim,34.032,10718.4
Geometrico,2500,80,7,Kruskal,216.104,10823.9
Geometrico,2500,80,7,Prim,30.3893,10823.9
Geometrico,2500,80,8,Kruskal,212.077,10726
Geometrico,2500,80,8,Prim,30.6197,10726
Geometrico,2500,80,9,Kruskal,209.461,10606.7
Geometrico,2500,80,9,Prim,35.8723,10606.7
Geometrico,2500,80,10,Kruskal,215.918,10717.9
Geometrico,2500,80,10,Prim,32.1669,10717.9
Geometrico,2500,100,1,Kruskal,274.254,10042.6
Geometrico,2500,100,1,Prim,41.1601,10042.6
Geometrico,2500,100,2,Kruskal,275.534,10074.6
Geometrico,2500,100,2,Prim,39.2497,10074.6
Geometrico,2500,100,3,Kruskal,273.358,10094.1
Geometrico,2500,100,3,Prim,44.2088,10094.1
Geometrico,2500,100,4,Kruskal,268.589,10035.3
Geometrico,2500,100,4,Prim,38.4892,10035.3
Geometrico,2500,100,5,Kruskal,273.062,10088.1
Geometrico,2500,100,5,Prim,41.8106,10088.1
Geometrico,2500,100,6,Kruskal,275.962,10060.1
Geometrico,2500,100,6,Prim,39.3277,10060.1
Geometrico,2500,100,7,Kruskal,269.78,10161.2
Geometrico,2500,100,7,Prim,37.6151,10161.2
Geometrico,2500,100,8,Kruskal,283.954,10164.3
Geometrico,2500,100,8,Prim,42.2225,10164.3
Geometrico,2500,100,9,Kruskal,291.893,10091.7
Geometrico,2500,100,9,Prim,36.0785,10091.7
Geometrico,2500,100,10,Kruskal,268.779,10034.7
Geometrico,2500,100,10,Prim,41.2987,10034.7
Geometrico,5000,0,1,Kruskal,0.4556,661933
Geometrico,5000,0,1,Prim,0.1942,661933
Geometrico,5000,0,2,Kruskal,0.4869,671411
Geometrico,5000,0,2,Prim,0.2697,671411
Geometrico,5000,0,3,Kruskal,0.5448,665172
Geometrico,5000,0,3,Prim,0.2413,665172
Geometrico,5000,0,4,Kruskal,0.4204,668109
Geometrico,5000,0,4,Prim,0.2756,668109
Geometrico,5000,0,5,Kruskal,0.46,665786
Geometrico,5000,0,5,Prim,0.2716,665786
Geometrico,5000,0,6,Kruskal,0.4079,661004
Geometrico,5000,0,6,Prim,0.2739,661004
Geometrico,5000,0,7,Kruskal,0.4597,660527
Geometrico,5000,0,7,Prim,0.2849,660527
Geometrico,5000,0,8,Kruskal,0.4151,659232
Geometrico,5000,0,8,Prim,0.2024,659232
Geometrico,5000,0,9,Kruskal,0.4261,663692
Geometrico,5000,0,9,Prim,0.2419,663692
Geometrico,5000,0,10,Kruskal,0.4362,660197
Geometrico,5000,0,10,Prim,0.2569,660197
Geometrico,5000,20,1,Kruskal,215.4,25313.6
Geometrico,5000,20,1,Prim,39.1933,25313.6
Geometrico,5000,20,2,Kruskal,209.952,24875.7
Geometrico,5000,20,2,Prim,34.8491,24875.7
Geometrico,5000,20,3,Kruskal,221.221,24910.1
Geometrico,5000,20,3,Prim,37.3668,24910.1
Geometrico,5000,20,4,Kruskal,218.386,25178.1
Geometrico,5000,20,4,Prim,40.0545,25178.1
Geometrico,5000,20,5,Kruskal,237.033,25119.6
Geometrico,5000,20,5,Prim,42.882,25119.6
Geometrico,5000,20,6,Kruskal,214.919,25320
Geometrico,5000,20,6,Prim,35.884,25320
Geometrico,5000,20,7,Kruskal,216.223,25235.9
Geometrico,5000,20,7,Prim,35.5584,25235.9
Geometrico,5000,20,8,Kruskal,221.083,24765.1
Geometrico,5000,20,8,Prim,32.031,24765.1
Geometrico,5000,20,9,Kruskal,219.725,25224.6
Geometrico,5000,20,9,Prim,37.2698,25224.6
Geometrico,5000,20,10,Kruskal,213.744,24884.5
Geometrico,5000,20,10,Prim,39.487,24884.5
Geometrico,5000,40,1,Kruskal,463.299,19018.6
Geometrico,5000,40,1,Prim,68.9979,19018.6
Geometrico,5000,40,2,Kruskal,454.798,18774.8
Geometrico,5000,40,2,Prim,64.7732,18774.8
Geometrico,5000,40,3,Kruskal,446.429,18723.7
Geometrico,5000,40,3,Prim,73.2207,18723.7
Geometrico,5000,40,4,Kruskal,462.744,18880.8
Geometrico,5000,40,4,Prim,67.9096,18880.8
Geometrico,5000,40,5,Kruskal,452.305,18960.4
Geometrico,5000,40,5,Prim,73.3956,18960.4
Geometrico,5000,40,6,Kruskal,466.436,18774.9
Geometrico,5000,40,6,Prim,62.9949,18774.9
Geometrico,5000,40,7,Kruskal,467.226,18999.5
Geometrico,5000,40,7,Prim,64.2156,18999.5
Geometrico,5000,40,8,Kruskal,487.431,18809.3
Geometrico,5000,40,8,Prim,70.381,18809.3
Geometrico,5000,40,9,Kruskal,457.956,18957.1
Geometrico,5000,40,9,Prim,68.9997,18957.1
Geometrico,5000,40,10,Kruskal,450.877,18930.6
Geometrico,5000,40,10,Prim,67.662,18930.6
Geometrico,5000,60,1,Kruskal,861.564,16442.5
Geometrico,5000,60,1,Prim,118.907,16442.5
Geometrico,5000,60,2,Kruskal,701.188,16448.8
Geometrico,5000,60,2,Prim,103.004,16448.8
Geometrico,5000,60,3,Kruskal,740.628,16623
Geometrico,5000,60,3,Prim,103.593,16623
Geometrico,5000,60,4,Kruskal,677.89,16447
Geometrico,5000,60,4,Prim,98.0348,16447
Geometrico,5000,60,5,Kruskal,651.19,16547.9
Geometrico,5000,60,5,Prim,101.231,16547.9
Geometrico,5000,60,6,Kruskal,656.366,16377.4
Geometrico,5000,60,6,Prim,85.2806,16377.4
Geometrico,5000,60,7,Kruskal,662.999,16355.7
Geometrico,5000,60,7,Prim,88.9875,16355.7
Geometrico,5000,60,8,Kruskal,666.672,16460.7
Geometrico,5000,60,8,Prim,93.2839,16460.7
Geometrico,5000,60,9,Kruskal,660.078,16350.9
Geometrico,5000,60,9,Prim,92.8352,16350.9
Geometrico,5000,60,10,Kruskal,657.961,16571
Geometrico,5000,60,10,Prim,86.3598,16571
Geometrico,5000,80,1,Kruskal,887.424,14995.5
Geometrico,5000,80,1,Prim,115.228,14995.5
Geometrico,5000,80,2,Kruskal,876.567,15073.5
Geometrico,5000,80,2,Prim,117.194,15073.5
Geometrico,5000,80,3,Kruskal,895.286,15105.2
Geometrico,5000,80,3,Prim,112.663,15105.2
Geometrico,5000,80,4,Kruskal,908.497,15081.8
Geometrico,5000,80,4,Prim,120.278,15081.8
Geometrico,5000,80,5,Kruskal,873.364,15115.8
Geometrico,5000,80,5,Prim,119.02,15115.8
Geometrico,5000,80,6,Kruskal,913.705,14971.6
Geometrico,5000,80,6,Prim,119.596,14971.6
Geometrico,5000,80,7,Kruskal,902.288,14959.4
Geometrico,5000,80,7,Prim,119.489,14959.4
Geometrico,5000,80,8,Kruskal,896.822,15102.1
Geometrico,5000,80,8,Prim,129.979,15102.1
Geometrico,5000,80,9,Kruskal,880.595,14864.5
Geometrico,5000,80,9,Prim,119.555,14864.5
Geometrico,5000,80,10,Kruskal,871.769,15052.4
Geometrico,5000,80,10,Prim,114.995,15052.4
Geometrico,5000,100,1,Kruskal,1121.19,14211.4
Geometrico,5000,100,1,Prim,143.71,14211.4
Geometrico,5000,100,2,Kruskal,1122.04,14119.9
Geometrico,5000,100,2,Prim,145.12,14119.9
Geometrico,5000,100,3,Kruskal,1100.2,14096.4
Geometrico,5000,100,3,Prim,152.505,14096.4
Geometrico,5000,100,4,Kruskal,1118.78,14263
Geometrico,5000,100,4,Prim,140.47,14263
Geometrico,5000,100,5,Kruskal,1179.28,14194
Geometrico,5000,100,5,Prim,157.743,14194
Geometrico,5000,100,6,Kruskal,1133.35,14029.9
Geometrico,5000,100,6,Prim,142.566,14029.9
Geometrico,5000,100,7,Kruskal,1094.46,14324.3
Geometrico,5000,100,7,Prim,152.887,14324.3
Geometrico,5000,100,8,Kruskal,1102.39,14167.2
Geometrico,5000,100,8,Prim,139.058,14167.2
Geometrico,5000,100,9,Kruskal,1121.63,14239.7
Geometrico,5000,100,9,Prim,139.677,14239.7
Geometrico,5000,100,10,Kruskal,1119.49,14118
Geometrico,5000,100,10,Prim,140.872,14118
Geometrico,7500,0,1,Kruskal,0.7106,1.00287e+06
Geometrico,7500,0,1,Prim,0.3998,1.00287e+06
Geometrico,7500,0,2,Kruskal,0.699,991395
Geometrico,7500,0,2,Prim,0.3699,991395
Geometrico,7500,0,3,Kruskal,0.7363,997349
Geometrico,7500,0,3,Prim,0.4417,997349
Geometrico,7500,0,4,Kruskal,0.6332,1.00243e+06
Geometrico,7500,0,4,Prim,0.4956,1.00243e+06
Geometrico,7500,0,5,Kruskal,0.6204,1.00182e+06
Geometrico,7500,0,5,Prim,0.3049,1.00182e+06
Geometrico,7500,0,6,Kruskal,3.7625,997380
Geometrico,7500,0,6,Prim,0.3995,997380
Geometrico,7500,0,7,Kruskal,0.644,999957
Geometrico,7500,0,7,Prim,0.348,999957
Geometrico,7500,0,8,Kruskal,0.8979,997698
Geometrico,7500,0,8,Prim,1.2258,997698
Geometrico,7500,0,9,Kruskal,3.4856,1.00178e+06
Geometrico,7500,0,9,Prim,0.4106,1.00178e+06
Geometrico,7500,0,10,Kruskal,0.6528,993725
Geometrico,7500,0,10,Prim,0.3803,993725
Geometrico,7500,20,1,Kruskal,501.07,30529.6
Geometrico,7500,20,1,Prim,78.7467,30529.6
Geometrico,7500,20,2,Kruskal,520.1,30447.1
Geometrico,7500,20,2,Prim,80.2949,30447.1
Geometrico,7500,20,3,Kruskal,498.011,30677.1
Geometrico,7500,20,3,Prim,81.8159,30677.1
Geometrico,7500,20,4,Kruskal,494.357,30470.5
Geometrico,7500,20,4,Prim,75.8902,30470.5
Geometrico,7500,20,5,Kruskal,477.216,30601.5
Geometrico,7500,20,5,Prim,82.93,30601.5
Geometrico,7500,20,6,Kruskal,497.301,30564.2
Geometrico,7500,20,6,Prim,74.1835,30564.2
Geometrico,7500,20,7,Kruskal,504.282,30624.7
Geometrico,7500,20,7,Prim,86.1521,30624.7
Geometrico,7500,20,8,Kruskal,503.76,30856.3
Geometrico,7500,20,8,Prim,77.2543,30856.3
Geometrico,7500,20,9,Kruskal,506.439,30680.9
Geometrico,7500,20,9,Prim,78.7006,30680.9
Geometrico,7500,20,10,Kruskal,496.482,30425.3
Geometrico,7500,20,10,Prim,81.5409,30425.3
Geometrico,7500,40,1,Kruskal,975.104,23065
Geometrico,7500,40,1,Prim,140.772,23065
Geometrico,7500,40,2,Kruskal,1018.51,23121.8
Geometrico,7500,40,2,Prim,131.803,23121.8
Geometrico,7500,40,3,Kruskal,1007.67,23043.2
Geometrico,7500,40,3,Prim,139.53,23043.2
Geometrico,7500,40,4,Kruskal,1025.66,23387
Geometrico,7500,40,4,Prim,145.664,23387
Geometrico,7500,40,5,Kruskal,1013.54,23176.1
Geometrico,7500,40,5,Prim,144.217,23176.1
Geometrico,7500,40,6,Kruskal,1000.5,23012.8
Geometrico,7500,40,6,Prim,139.782,23012.8
Geometrico,7500,40,7,Kruskal,999.839,23264.9
Geometrico,7500,40,7,Prim,136.811,23264.9
Geometrico,7500,40,8,Kruskal,1006.55,23088.2
Geometrico,7500,40,8,Prim,134.929,23088.2
Geometrico,7500,40,9,Kruskal,996.162,23367
Geometrico,7500,40,9,Prim,131.772,23367
Geometrico,7500,40,10,Kruskal,982.348,23279.9
Geometrico,7500,40,10,Prim,139.65,23279.9
Geometrico,7500,60,1,Kruskal,1508.44,20105.6
Geometrico,7500,60,1,Prim,210.127,20105.6
Geometrico,7500,60,2,Kruskal,1500.36,20024.3
Geometrico,7500,60,2,Prim,203.507,20024.3
Geometrico,7500,60,3,Kruskal,1488.72,20094.3
Geometrico,7500,60,3,Prim,209.059,20094.3
Geometrico,7500,60,4,Kruskal,1482.45,19985.4
Geometrico,7500,60,4,Prim,193.9,19985.4
Geometrico,7500,60,5,Kruskal,1505.45,19993.9
Geometrico,7500,60,5,Prim,199.911,19993.9
Geometrico,7500,60,6,Kruskal,1581.99,20119.5
Geometrico,7500,60,6,Prim,199.367,20119.5
Geometrico,7500,60,7,Kruskal,1506.38,20105.1
Geometrico,7500,60,7,Prim,204.925,20105.1
Geometrico,7500,60,8,Kruskal,1541.78,20181.3
Geometrico,7500,60,8,Prim,204.317,20181.3
Geometrico,7500,60,9,Kruskal,1504.82,20200.6
Geometrico,7500,60,9,Prim,196.808,20200.6
Geometrico,7500,60,10,Kruskal,1528.46,20165.1
Geometrico,7500,60,10,Prim,196.154,20165.1
Geometrico,7500,80,1,Kruskal,2045.95,18456.5
Geometrico,7500,80,1,Prim,263.469,18456.5
Geometrico,7500,80,2,Kruskal,2045.66,18445.7
Geometrico,7500,80,2,Prim,265.969,18445.7
Geometrico,7500,80,3,Kruskal,1970.02,18389.5
Geometrico,7500,80,3,Prim,251.35,18389.5
Geometrico,7500,80,4,Kruskal,1939.17,18296.2
Geometrico,7500,80,4,Prim,254.696,18296.2
Geometrico,7500,80,5,Kruskal,2186.87,18396.7
Geometrico,7500,80,5,Prim,598.5,18396.7
Geometrico,7500,80,6,Kruskal,2044.26,18364.8
Geometrico,7500,80,6,Prim,271.743,18364.8
Geometrico,7500,80,7,Kruskal,2050.91,18529.9
Geometrico,7500,80,7,Prim,280.88,18529.9
Geometrico,7500,80,8,Kruskal,2063.67,18220.7
Geometrico,7500,80,8,Prim,257.078,18220.7
Geometrico,7500,80,9,Kruskal,2003.81,18452.7
Geometrico,7500,80,9,Prim,262.177,18452.7
Geometrico,7500,80,10,Kruskal,2031.57,18468.3
Geometrico,7500,80,10,Prim,247.879,18468.3
Geometrico,7500,100,1,Kruskal,2661.33,17275.4
Geometrico,7500,100,1,Prim,310.983,17275.4
Geometrico,7500,100,2,Kruskal,2509.19,17368
Geometrico,7500,100,2,Prim,309.629,17368
Geometrico,7500,100,3,Kruskal,2514.27,17190.4
Geometrico,7500,100,3,Prim,325.156,17190.4
Geometrico,7500,100,4,Kruskal,2505.84,17254.8
Geometrico,7500,100,4,Prim,303.329,17254.8
Geometrico,7500,100,5,Kruskal,2576.57,17293.9
Geometrico,7500,100,5,Prim,316.718,17293.9
Geometrico,7500,100,6,Kruskal,2452.26,17301.8
Geometrico,7500,100,6,Prim,361.263,17301.8
Geometrico,7500,100,7,Kruskal,2497.47,17410.1
Geometrico,7500,100,7,Prim,298.556,17410.1
Geometrico,7500,100,8,Kruskal,2527.62,17327.5
Geometrico,7500,100,8,Prim,301.708,17327.5
Geometrico,7500,100,9,Kruskal,2499,17519.5
Geometrico,7500,100,9,Prim,310.495,17519.5
Geometrico,7500,100,10,Kruskal,2475.97,17455.7
Geometrico,7500,100,10,Prim,307.343,17455.7
Geometrico,10000,0,1,Kruskal,1.0527,1.32689e+06
Geometrico,10000,0,1,Prim,0.72,1.32689e+06
Geometrico,10000,0,2,Kruskal,1.0721,1.33324e+06
Geometrico,10000,0,2,Prim,0.8412,1.33324e+06
Geometrico,10000,0,3,Kruskal,0.8569,1.33117e+06
Geometrico,10000,0,3,Prim,0.6267,1.33117e+06
Geometrico,10000,0,4,Kruskal,0.8797,1.3164e+06
Geometrico,10000,0,4,Prim,0.662,1.3164e+06
Geometrico,10000,0,5,Kruskal,0.9121,1.32625e+06
Geometrico,10000,0,5,Prim,0.547,1.32625e+06
Geometrico,10000,0,6,Kruskal,0.9819,1.33307e+06
Geometrico,10000,0,6,Prim,1.0325,1.33307e+06
Geometrico,10000,0,7,Kruskal,0.8615,1.32759e+06
Geometrico,10000,0,7,Prim,0.5233,1.32759e+06
Geometrico,10000,0,8,Kruskal,0.8703,1.33575e+06
Geometrico,10000,0,8,Prim,0.7025,1.33575e+06
Geometrico,10000,0,9,Kruskal,0.923,1.34008e+06
Geometrico,10000,0,9,Prim,0.6743,1.34008e+06
Geometrico,10000,0,10,Kruskal,1.0527,1.33683e+06
Geometrico,10000,0,10,Prim,0.5368,1.33683e+06
Geometrico,10000,20,1,Kruskal,876.293,35083.4
Geometrico,10000,20,1,Prim,124.599,35083.4
Geometrico,10000,20,2,Kruskal,863.804,35729.3
Geometrico,10000,20,2,Prim,124.351,35729.3
Geometrico,10000,20,3,Kruskal,882.212,35195.5
Geometrico,10000,20,3,Prim,124.534,35195.5
Geometrico,10000,20,4,Kruskal,872.862,35272.8
Geometrico,10000,20,4,Prim,125.866,35272.8
Geometrico,10000,20,5,Kruskal,863.53,35265.3
Geometrico,10000,20,5,Prim,131.182,35265.3
Geometrico,10000,20,6,Kruskal,865.942,34984.1
Geometrico,10000,20,6,Prim,129.261,34984.1
Geometrico,10000,20,7,Kruskal,875.284,35323
Geometrico,10000,20,7,Prim,130.584,35323
Geometrico,10000,20,8,Kruskal,890.698,35660.5
Geometrico,10000,20,8,Prim,131.407,35660.5
Geometrico,10000,20,9,Kruskal,879.734,35669
Geometrico,10000,20,9,Prim,128.38,35669
Geometrico,10000,20,10,Kruskal,879.816,35441.7
Geometrico,10000,20,10,Prim,118.805,35441.7
Geometrico,10000,40,1,Kruskal,1796.72,26802.6
Geometrico,10000,40,1,Prim,238.979,26802.6
Geometrico,10000,40,2,Kruskal,1730.62,26858.1
Geometrico,10000,40,2,Prim,223.885,26858.1
Geometrico,10000,40,3,Kruskal,1850.36,26566.8
Geometrico,10000,40,3,Prim,232.674,26566.8
Geometrico,10000,40,4,Kruskal,1788.07,26618.6
Geometrico,10000,40,4,Prim,250.712,26618.6
Geometrico,10000,40,5,Kruskal,1760.01,26708
Geometrico,10000,40,5,Prim,243.501,26708
Geometrico,10000,40,6,Kruskal,1757.49,26435
Geometrico,10000,40,6,Prim,225.354,26435
Geometrico,10000,40,7,Kruskal,1851.66,26535.8
Geometrico,10000,40,7,Prim,244.054,26535.8
Geometrico,10000,40,8,Kruskal,1796.88,26683.2
Geometrico,10000,40,8,Prim,248.324,26683.2
Geometrico,10000,40,9,Kruskal,1795.06,26838.6
Geometrico,10000,40,9,Prim,243.998,26838.6
Geometrico,10000,40,10,Kruskal,1756.91,26680.4
Geometrico,10000,40,10,Prim,235.357,26680.4
Geometrico,10000,60,1,Kruskal,2675.19,23021.4
Geometrico,10000,60,1,Prim,335.451,23021.4
Geometrico,10000,60,2,Kruskal,2680.49,23322.5
Geometrico,10000,60,2,Prim,339.016,23322.5
Geometrico,10000,60,3,Kruskal,2647.81,23199
Geometrico,10000,60,3,Prim,335.311,23199
Geometrico,10000,60,4,Kruskal,2622.86,23060
Geometrico,10000,60,4,Prim,329.105,23060
Geometrico,10000,60,5,Kruskal,2672.13,23289.5
Geometrico,10000,60,5,Prim,335.24,23289.5
Geometrico,10000,60,6,Kruskal,2675.23,23152.4
Geometrico,10000,60,6,Prim,344.341,23152.4
Geometrico,10000,60,7,Kruskal,2649.93,23364.3
Geometrico,10000,60,7,Prim,323.997,23364.3
Geometrico,10000,60,8,Kruskal,2776.83,23095.6
Geometrico,10000,60,8,Prim,348.621,23095.6
Geometrico,10000,60,9,Kruskal,3010.63,23153.5
Geometrico,10000,60,9,Prim,356.924,23153.5
Geometrico,10000,60,10,Kruskal,2672.95,23110.2
Geometrico,10000,60,10,Prim,332.777,23110.2
Geometrico,10000,80,1,Kruskal,3584.32,21136.6
Geometrico,10000,80,1,Prim,441.925,21136.6
Geometrico,10000,80,2,Kruskal,3499.98,21198.3
Geometrico,10000,80,2,Prim,439.329,21198.3
Geometrico,10000,80,3,Kruskal,3573.64,21140.8
Geometrico,10000,80,3,Prim,454.18,21140.8
Geometrico,10000,80,4,Kruskal,3653.4,21216.3
Geometrico,10000,80,4,Prim,445.099,21216.3
Geometrico,10000,80,5,Kruskal,3563.03,21095.1
Geometrico,10000,80,5,Prim,431.24,21095.1
Geometrico,10000,80,6,Kruskal,3565.24,21164.6
Geometrico,10000,80,6,Prim,438.54,21164.6
Geometrico,10000,80,7,Kruskal,3561.78,21169.1
Geometrico,10000,80,7,Prim,454.996,21169.1
Geometrico,10000,80,8,Kruskal,3563.19,21141.1
Geometrico,10000,80,8,Prim,429.478,21141.1
Geometrico,10000,80,9,Kruskal,3537.98,21350.9
Geometrico,10000,80,9,Prim,424.694,21350.9
Geometrico,10000,80,10,Kruskal,3727.17,21246.9
Geometrico,10000,80,10,Prim,438.112,21246.9
Geometrico,10000,100,1,Kruskal,4786.79,19883.7
Geometrico,10000,100,1,Prim,557.348,19883.7
Geometrico,10000,100,2,Kruskal,4920.26,20062.2
Geometrico,10000,100,2,Prim,571.333,20062.2
Geometrico,10000,100,3,Kruskal,4852.61,20053.6
Geometrico,10000,100,3,Prim,582.092,20053.6
Geometrico,10000,100,4,Kruskal,4986.16,19979.6
Geometrico,10000,100,4,Prim,567.424,19979.6
Geometrico,10000,100,5,Kruskal,4869.63,20079.4
Geometrico,10000,100,5,Prim,622.963,20079.4
Geometrico,10000,100,6,Kruskal,4921.95,20021.6
Geometrico,10000,100,6,Prim,587.724,20021.6
Geometrico,10000,100,7,Kruskal,5191.68,20130.9
Geometrico,10000,100,7,Prim,706.26,20130.9
Geometrico,10000,100,8,Kruskal,5204.29,20048.2
Geometrico,10000,100,8,Prim,585.035,20048.2
Geometrico,10000,100,9,Kruskal,5258.6,19967.6
Geometrico,10000,100,9,Prim,614.177,19967.6
Geometrico,10000,100,10,Kruskal,5103.1,20005.1
Geometrico,10000,100,10,Prim,600.709,20005.1
